2015-12-16,600071,14:58:37,1,23.16,20,46320
2015-12-16,600071,14:57:26,1,23.16,10,23160
2015-12-16,600071,14:57:01,1,23.16,10,23160
2015-12-16,600071,14:55:56,1,23.16,10,23160
2015-12-16,600071,14:55:51,1,23.16,18,41688
2015-12-16,600071,14:55:36,1,23.16,5,11580
2015-12-16,600071,14:55:26,1,23.16,1,2316
2015-12-16,600071,14:55:01,1,23.16,90,208440
2015-12-16,600071,14:52:55,1,23.16,30,69480
2015-12-16,600071,14:52:10,1,23.16,6,13896
2015-12-16,600071,14:47:29,1,23.16,5,11580
2015-12-16,600071,14:45:38,1,23.16,5,11580
2015-12-16,600071,14:45:03,1,23.16,15,34740
2015-12-16,600071,14:44:28,1,23.16,2,4632
2015-12-16,600071,14:43:37,1,23.16,2,4632
2015-12-16,600071,14:41:52,1,23.16,2,4632
2015-12-16,600071,14:36:15,1,23.16,9,20844
2015-12-16,600071,14:32:19,1,23.16,66,152856
2015-12-16,600071,14:30:09,1,23.16,200,463200
2015-12-16,600071,14:29:08,1,23.16,50,115800
2015-12-16,600071,14:29:03,1,23.16,4,9264
2015-12-16,600071,14:28:28,1,23.16,6,13896
2015-12-16,600071,14:27:43,1,23.16,2,4632
2015-12-16,600071,14:26:38,1,23.16,2,4632
2015-12-16,600071,14:26:13,1,23.16,13,30108
2015-12-16,600071,14:25:22,1,23.16,5,11580
2015-12-16,600071,14:23:22,1,23.16,5,11580
2015-12-16,600071,14:22:52,1,23.16,9,20844
2015-12-16,600071,14:21:36,1,23.16,1,2316
2015-12-16,600071,14:20:51,1,23.16,38,88008
2015-12-16,600071,14:20:21,1,23.16,72,166752
2015-12-16,600071,14:19:56,1,23.16,10,23160
2015-12-16,600071,14:19:36,1,23.16,50,115800
2015-12-16,600071,14:18:56,1,23.16,5,11580
2015-12-16,600071,14:18:00,1,23.16,8,18528
2015-12-16,600071,14:17:30,1,23.16,500,1158000
2015-12-16,600071,14:17:25,1,23.16,15,34740
2015-12-16,600071,14:16:10,1,23.16,5,11580
2015-12-16,600071,14:16:00,1,23.16,100,231600
2015-12-16,600071,14:14:44,1,23.16,6,13896
2015-12-16,600071,14:13:59,1,23.16,5,11580
2015-12-16,600071,14:12:44,1,23.16,50,115800
2015-12-16,600071,14:11:14,1,23.16,30,69480
2015-12-16,600071,14:11:08,1,23.16,31,71796
2015-12-16,600071,14:10:58,1,23.16,50,115800
2015-12-16,600071,14:10:08,1,23.16,5,11580
2015-12-16,600071,14:09:23,1,23.16,20,46320
2015-12-16,600071,14:08:58,1,23.16,2,4632
2015-12-16,600071,14:07:22,1,23.16,2,4632
2015-12-16,600071,14:07:02,1,23.16,10,23160
2015-12-16,600071,13:53:39,1,23.16,10,23160
2015-12-16,600071,13:52:13,1,23.16,1,2316
2015-12-16,600071,13:39:42,1,23.16,10,23160
2015-12-16,600071,13:38:07,1,23.16,5,11580
2015-12-16,600071,13:37:57,1,23.16,3,6948
2015-12-16,600071,13:37:37,1,23.16,2,4632
2015-12-16,600071,13:34:37,1,23.16,7,16212
2015-12-16,600071,13:34:27,1,23.16,5,11580
2015-12-16,600071,13:23:46,1,23.16,1,2316
2015-12-16,600071,13:22:41,1,23.16,1,2316
2015-12-16,600071,13:19:10,1,23.16,4,9264
2015-12-16,600071,13:18:35,1,23.16,5,11580
2015-12-16,600071,13:15:25,1,23.16,4,9264
2015-12-16,600071,13:14:30,1,23.16,10,23160
2015-12-16,600071,13:12:15,1,23.16,100,231600
2015-12-16,600071,13:11:40,1,23.16,100,231600
2015-12-16,600071,13:09:34,1,23.16,13,30108
2015-12-16,600071,13:09:04,1,23.16,10,23160
2015-12-16,600071,13:00:13,1,23.16,90,208440
2015-12-16,600071,11:21:25,1,23.16,17,39372
2015-12-16,600071,11:18:35,1,23.16,177,409932
2015-12-16,600071,11:16:25,1,23.16,40,92640
2015-12-16,600071,11:16:05,1,23.16,100,231600
2015-12-16,600071,11:14:54,1,23.16,3,6948
2015-12-16,600071,11:13:14,1,23.16,20,46320
2015-12-16,600071,11:03:36,1,23.16,5,11580
2015-12-16,600071,11:01:15,1,23.16,1,2316
2015-12-16,600071,10:59:35,1,23.16,5,11580
2015-12-16,600071,10:57:39,1,23.16,25,57900
2015-12-16,600071,10:55:44,1,23.16,1,2316
2015-12-16,600071,10:53:07,1,23.16,5,11580
2015-12-16,600071,10:50:47,1,23.16,2,4632
2015-12-16,600071,10:50:17,1,23.16,3,6948
2015-12-16,600071,10:49:27,1,23.16,30,69480
2015-12-16,600071,10:49:12,1,23.16,3,6948
2015-12-16,600071,10:47:27,1,23.16,7,16212
2015-12-16,600071,10:46:07,1,23.16,4,9264
2015-12-16,600071,10:41:15,1,23.16,1,2316
2015-12-16,600071,10:39:34,1,23.16,29,67164
2015-12-16,600071,10:38:49,1,23.16,66,152856
2015-12-16,600071,10:38:39,1,23.16,10,23160
2015-12-16,600071,10:38:09,1,23.16,11,25476
2015-12-16,600071,10:37:54,1,23.16,3,6948
2015-12-16,600071,10:37:34,1,23.16,6,13896
2015-12-16,600071,10:37:08,1,23.16,10,23160
2015-12-16,600071,10:36:48,1,23.16,7,16212
2015-12-16,600071,10:31:47,1,23.16,15,34740
2015-12-16,600071,10:31:32,1,23.16,9,20844
2015-12-16,600071,10:31:17,1,23.16,5,11580
2015-12-16,600071,10:30:22,1,23.16,5,11580
2015-12-16,600071,10:29:46,1,23.16,1,2316
2015-12-16,600071,10:29:36,1,23.16,5,11580
2015-12-16,600071,10:26:36,1,23.16,32,74112
2015-12-16,600071,10:25:55,1,23.16,3,6948
2015-12-16,600071,10:24:35,1,23.16,6,13896
2015-12-16,600071,10:22:49,1,23.16,10,23160
2015-12-16,600071,10:22:14,1,23.16,10,23160
2015-12-16,600071,10:22:04,1,23.16,28,64848
2015-12-16,600071,10:21:34,1,23.16,100,231600
2015-12-16,600071,10:21:24,1,23.16,10,23160
2015-12-16,600071,10:18:38,1,23.16,1,2316
2015-12-16,600071,10:16:02,1,23.16,10,23160
2015-12-16,600071,10:14:52,1,23.16,3,6948
2015-12-16,600071,10:14:47,1,23.16,1,2316
2015-12-16,600071,10:14:37,1,23.16,2,4632
2015-12-16,600071,10:14:12,1,23.16,200,463200
2015-12-16,600071,10:13:22,1,23.16,2,4632
2015-12-16,600071,10:12:52,1,23.16,2,4632
2015-12-16,600071,10:12:37,1,23.16,15,34740
2015-12-16,600071,10:12:07,1,23.16,1,2316
2015-12-16,600071,10:11:57,1,23.16,9,20844
2015-12-16,600071,10:11:46,1,23.16,5,11580
2015-12-16,600071,10:11:26,1,23.16,97,224652
2015-12-16,600071,10:07:25,1,23.16,2,4632
2015-12-16,600071,10:07:10,1,23.16,1,2316
2015-12-16,600071,10:06:50,1,23.16,4,9264
2015-12-16,600071,10:06:25,1,23.16,2,4632
2015-12-16,600071,10:06:05,1,23.16,3,6948
2015-12-16,600071,10:05:55,1,23.16,7,16212
2015-12-16,600071,10:05:45,1,23.16,10,23160
2015-12-16,600071,10:05:35,1,23.16,50,115800
2015-12-16,600071,10:05:20,1,23.16,5,11580
2015-12-16,600071,10:04:50,1,23.16,5,11580
2015-12-16,600071,10:04:45,1,23.16,10,23160
2015-12-16,600071,10:04:40,1,23.16,1,2316
2015-12-16,600071,10:04:29,1,23.16,19,44004
2015-12-16,600071,10:04:19,1,23.16,100,231600
2015-12-16,600071,10:04:14,1,23.16,27,62532
2015-12-16,600071,10:03:49,1,23.16,9,20844
2015-12-16,600071,10:03:29,1,23.16,1,2316
2015-12-16,600071,10:03:24,1,23.16,50,115800
2015-12-16,600071,10:03:19,1,23.16,15,34740
2015-12-16,600071,10:03:14,1,23.16,5,11580
2015-12-16,600071,10:03:09,1,23.16,5,11580
2015-12-16,600071,10:03:04,1,23.16,20,46320
2015-12-16,600071,10:02:59,1,23.16,31,71796
2015-12-16,600071,10:02:49,1,23.16,26,60216
2015-12-16,600071,10:02:44,1,23.16,13,30108
2015-12-16,600071,10:02:39,1,23.16,1,2316
2015-12-16,600071,10:02:34,1,23.16,7,16212
2015-12-16,600071,10:02:29,1,23.16,209,484044
2015-12-16,600071,10:02:18,1,23.16,10,23160
2015-12-16,600071,10:02:03,1,23.16,1374,3182207
2015-12-16,600071,10:01:53,2,23.16,310,717960
2015-12-16,600071,10:01:48,2,23.15,22,50930
2015-12-16,600071,10:01:43,2,23.15,262,606530
2015-12-16,600071,10:01:33,1,23.12,41,94792
2015-12-16,600071,10:01:28,2,23.12,55,127160
2015-12-16,600071,10:01:18,2,23.12,10,23120
2015-12-16,600071,10:01:03,1,23.1,3,6930
2015-12-16,600071,10:00:58,2,23.1,77,177870
2015-12-16,600071,10:00:48,2,23.1,100,231000
2015-12-16,600071,10:00:43,2,23.09,148,341732
2015-12-16,600071,10:00:28,1,23.01,57,131157
2015-12-16,600071,10:00:13,1,23.06,4,9224
2015-12-16,600071,10:00:08,2,23.06,37,85322
2015-12-16,600071,09:59:58,1,23.01,37,85137
2015-12-16,600071,09:59:38,1,23.05,31,71455
2015-12-16,600071,09:59:28,1,23.06,14,32284
2015-12-16,600071,09:59:23,1,23.06,32,73792
2015-12-16,600071,09:59:13,1,23.06,20,46120
2015-12-16,600071,09:58:58,2,23.07,43,99201
2015-12-16,600071,09:58:43,2,23.06,4,9224
2015-12-16,600071,09:58:38,2,23.05,92,212060
2015-12-16,600071,09:58:23,2,23.0,254,586431
2015-12-16,600071,09:58:03,2,22.99,35,80465
2015-12-16,600071,09:57:38,2,22.95,10,22950
2015-12-16,600071,09:57:18,1,22.91,4,9164
2015-12-16,600071,09:57:03,1,22.91,0,22
2015-12-16,600071,09:56:43,1,22.91,6,13746
2015-12-16,600071,09:56:28,1,22.91,1,2291
2015-12-16,600071,09:56:13,0,22.91,25,57275
2015-12-16,600071,09:55:23,1,22.9,90,206100
2015-12-16,600071,09:55:08,2,22.95,25,57375
2015-12-16,600071,09:54:53,1,22.9,3,6870
2015-12-16,600071,09:54:38,2,22.95,36,82620
2015-12-16,600071,09:54:28,2,22.95,80,183600
2015-12-16,600071,09:54:23,2,22.95,4,9180
2015-12-16,600071,09:54:08,2,22.95,6,13770
2015-12-16,600071,09:53:48,2,22.95,2,4590
2015-12-16,600071,09:53:38,1,22.95,73,167535
2015-12-16,600071,09:52:58,2,22.99,110,252889
2015-12-16,600071,09:52:18,2,22.95,50,114750
2015-12-16,600071,09:52:13,2,22.93,41,94013
2015-12-16,600071,09:51:53,1,22.93,37,84909
2015-12-16,600071,09:51:43,2,22.95,167,383265
2015-12-16,600071,09:51:38,2,22.93,5,13689
2015-12-16,600071,09:51:28,2,22.93,5,11465
2015-12-16,600071,09:51:23,2,22.93,89,204145
2015-12-16,600071,09:51:08,2,22.9,6,15961
2015-12-16,600071,09:50:52,2,22.9,84,192360
2015-12-16,600071,09:50:07,2,22.89,8,18312
2015-12-16,600071,09:50:02,1,22.81,5,11405
2015-12-16,600071,09:49:52,1,22.86,1,2286
2015-12-16,600071,09:49:47,2,22.9,100,229000
2015-12-16,600071,09:49:32,1,22.9,9,20678
2015-12-16,600071,09:49:17,2,22.9,87,201451
2015-12-16,600071,09:48:47,2,22.9,317,725930
2015-12-16,600071,09:48:42,2,22.85,11,25135
2015-12-16,600071,09:48:12,2,22.85,50,114250
2015-12-16,600071,09:47:57,0,22.85,78,178230
2015-12-16,600071,09:47:27,1,22.85,5,11425
2015-12-16,600071,09:47:22,1,22.85,5,11425
2015-12-16,600071,09:47:12,0,22.85,5,11425
2015-12-16,600071,09:47:07,1,22.75,7,15925
2015-12-16,600071,09:46:57,2,22.85,50,114250
2015-12-16,600071,09:46:22,2,22.75,24,54600
2015-12-16,600071,09:46:07,2,22.69,6,13614
2015-12-16,600071,09:45:52,1,22.69,50,113450
2015-12-16,600071,09:45:37,2,22.75,30,68250
2015-12-16,600071,09:45:22,1,22.7,110,249700
2015-12-16,600071,09:45:07,2,22.75,1,2275
2015-12-16,600071,09:44:47,2,22.75,10,22750
2015-12-16,600071,09:44:37,1,22.72,1,2272
2015-12-16,600071,09:44:12,1,22.72,16,36352
2015-12-16,600071,09:43:57,1,22.8,1,2280
2015-12-16,600071,09:43:47,1,22.85,89,203365
2015-12-16,600071,09:43:37,1,22.85,105,239925
2015-12-16,600071,09:43:22,1,22.85,24,54840
2015-12-16,600071,09:43:07,2,22.85,35,79975
2015-12-16,600071,09:42:52,0,22.84,22,50248
2015-12-16,600071,09:42:37,1,22.85,33,75405
2015-12-16,600071,09:42:22,1,22.89,57,130473
2015-12-16,600071,09:42:07,1,22.92,8,18336
2015-12-16,600071,09:42:02,2,22.92,33,75636
2015-12-16,600071,09:41:52,1,22.9,83,190070
2015-12-16,600071,09:41:47,2,22.9,41,93890
2015-12-16,600071,09:41:37,2,22.9,74,169460
2015-12-16,600071,09:41:32,1,22.89,2,4578
2015-12-16,600071,09:41:17,2,22.89,6,13734
2015-12-16,600071,09:41:02,2,22.85,192,438720
2015-12-16,600071,09:40:42,2,22.83,2,4566
2015-12-16,600071,09:40:27,0,22.76,4,9104
2015-12-16,600071,09:39:57,1,22.74,22,50028
2015-12-16,600071,09:39:47,2,22.85,80,182800
2015-12-16,600071,09:39:42,0,22.83,1,2283
2015-12-16,600071,09:39:12,1,22.84,145,331180
2015-12-16,600071,09:38:57,1,22.86,64,146304
2015-12-16,600071,09:38:42,1,22.89,223,510447
2015-12-16,600071,09:38:27,2,22.93,53,121529
2015-12-16,600071,09:38:22,2,22.95,62,142290
2015-12-16,600071,09:38:12,0,22.96,6,13776
2015-12-16,600071,09:38:07,1,22.92,21,48132
2015-12-16,600071,09:37:57,2,23.0,44,101200
2015-12-16,600071,09:37:52,0,22.96,3,6888
2015-12-16,600071,09:37:42,1,22.89,17,38913
2015-12-16,600071,09:37:37,2,22.9,102,233580
2015-12-16,600071,09:37:26,1,22.86,2,4572
2015-12-16,600071,09:37:21,2,22.86,59,134874
2015-12-16,600071,09:37:11,2,22.72,32,72704
2015-12-16,600071,09:37:06,1,22.7,13,29510
2015-12-16,600071,09:36:56,2,22.7,11,24970
2015-12-16,600071,09:36:51,2,22.65,3,6795
2015-12-16,600071,09:36:36,1,22.61,1,2261
2015-12-16,600071,09:36:31,1,22.6,7,15820
2015-12-16,600071,09:36:21,2,22.59,90,203310
2015-12-16,600071,09:36:16,2,22.58,46,103867
2015-12-16,600071,09:36:01,2,22.53,16,36048
2015-12-16,600071,09:35:36,2,22.53,50,112650
2015-12-16,600071,09:35:31,1,22.47,4,8988
2015-12-16,600071,09:35:16,0,22.42,72,161424
2015-12-16,600071,09:35:01,2,22.4,32,71680
2015-12-16,600071,09:34:46,2,22.38,95,212610
2015-12-16,600071,09:34:31,1,22.33,10,22330
2015-12-16,600071,09:34:16,2,22.33,38,84854
2015-12-16,600071,09:34:11,2,22.29,50,111450
2015-12-16,600071,09:33:41,0,22.28,9,20052
2015-12-16,600071,09:33:06,2,22.29,41,91389
2015-12-16,600071,09:32:56,2,22.29,60,133740
2015-12-16,600071,09:32:51,2,22.28,20,44560
2015-12-16,600071,09:32:31,0,22.29,7,15603
2015-12-16,600071,09:31:46,1,22.15,102,225930
2015-12-16,600071,09:31:31,0,22.34,5,11170
2015-12-16,600071,09:30:11,2,22.08,479,1057632
2015-12-16,600071,09:30:06,2,22.08,606,1338048
2015-12-16,600071,09:25:06,2,22.08,988,2181504
2015-12-15,600071,15:00:06,0,22.06,0,0
2015-12-15,600071,14:59:56,2,22.08,10,22080
2015-12-15,600071,14:59:46,1,22.03,20,44060
2015-12-15,600071,14:59:41,1,22.03,1,2203
2015-12-15,600071,14:59:16,1,22.03,5,11015
2015-12-15,600071,14:59:11,2,22.08,2,4416
2015-12-15,600071,14:59:06,2,22.08,33,72864
2015-12-15,600071,14:58:41,2,22.07,10,22070
2015-12-15,600071,14:58:36,0,22.04,5,11020
2015-12-15,600071,14:56:50,2,22.03,21,46263
2015-12-15,600071,14:56:10,2,22.03,3,6609
2015-12-15,600071,14:56:00,1,22.01,3,6603
2015-12-15,600071,14:55:25,0,22.01,6,13206
2015-12-15,600071,14:54:40,1,22.0,75,165000
2015-12-15,600071,14:54:35,2,22.03,5,11015
2015-12-15,600071,14:54:30,1,22.02,1,2202
2015-12-15,600071,14:54:15,2,22.03,3,6609
2015-12-15,600071,14:53:50,1,22.03,13,28639
2015-12-15,600071,14:53:10,0,22.03,1,2203
2015-12-15,600071,14:52:30,1,22.02,50,110100
2015-12-15,600071,14:52:19,0,22.03,4,8812
2015-12-15,600071,14:51:14,1,22.02,3,6606
2015-12-15,600071,14:51:09,1,22.02,5,11010
2015-12-15,600071,14:49:59,1,22.02,20,44040
2015-12-15,600071,14:49:44,1,22.02,11,24222
2015-12-15,600071,14:48:34,0,22.02,2,4404
2015-12-15,600071,14:46:38,1,22.01,20,44020
2015-12-15,600071,14:45:33,1,22.01,99,217899
2015-12-15,600071,14:44:58,2,22.08,26,57407
2015-12-15,600071,14:44:13,0,22.08,20,44160
2015-12-15,600071,14:43:29,1,22.02,5,11010
2015-12-15,600071,14:41:39,0,22.02,8,17616
2015-12-15,600071,14:38:33,2,22.1,40,88400
2015-12-15,600071,14:37:53,1,22.03,18,39654
2015-12-15,600071,14:37:43,2,22.09,18,39762
2015-12-15,600071,14:37:18,0,22.09,1,2209
2015-12-15,600071,14:36:58,2,22.09,5,11045
2015-12-15,600071,14:36:42,2,22.09,14,30926
2015-12-15,600071,14:36:12,1,22.01,67,149601
2015-12-15,600071,14:34:27,2,22.03,3,6609
2015-12-15,600071,14:34:12,1,22.03,17,37451
2015-12-15,600071,14:33:06,2,22.1,2,4420
2015-12-15,600071,14:33:01,1,22.1,1230,2718366
2015-12-15,600071,14:32:46,1,22.1,10,22100
2015-12-15,600071,14:32:21,1,22.1,1,2210
2015-12-15,600071,14:31:31,2,22.1,368,815423
2015-12-15,600071,14:31:06,2,22.03,10,22030
2015-12-15,600071,14:30:56,1,22.03,100,220300
2015-12-15,600071,14:30:21,1,22.02,200,440400
2015-12-15,600071,14:30:11,2,22.05,2,4410
2015-12-15,600071,14:30:06,1,22.05,40,88200
2015-12-15,600071,14:30:01,1,22.05,10,22050
2015-12-15,600071,14:29:41,1,22.1,5,11116
2015-12-15,600071,14:29:26,1,22.1,12,26520
2015-12-15,600071,14:29:05,1,22.1,5,11050
2015-12-15,600071,14:28:30,1,22.1,10,22100
2015-12-15,600071,14:27:45,2,22.15,67,148405
2015-12-15,600071,14:26:10,2,22.15,20,44300
2015-12-15,600071,14:26:00,0,22.15,300,664500
2015-12-15,600071,14:25:09,2,22.1,275,609893
2015-12-15,600071,14:24:24,2,22.1,3,6630
2015-12-15,600071,14:23:54,2,22.1,94,207740
2015-12-15,600071,14:23:24,0,22.02,3,6606
2015-12-15,600071,14:21:23,1,22.0,64,140800
2015-12-15,600071,14:21:08,0,22.09,5,11045
2015-12-15,600071,14:20:18,1,22.0,10,22000
2015-12-15,600071,14:20:08,2,22.1,5,11050
2015-12-15,600071,14:18:53,1,22.0,400,880000
2015-12-15,600071,14:18:43,2,22.1,4,8840
2015-12-15,600071,14:17:47,1,21.97,20,43940
2015-12-15,600071,14:17:17,2,22.1,3,6630
2015-12-15,600071,14:17:07,2,22.1,100,221000
2015-12-15,600071,14:16:47,1,22.1,371,819976
2015-12-15,600071,14:16:22,2,22.1,128,285023
2015-12-15,600071,14:16:17,2,22.1,100,221000
2015-12-15,600071,14:16:07,2,22.1,100,221000
2015-12-15,600071,14:14:16,2,22.1,100,221000
2015-12-15,600071,14:14:11,2,22.05,3,6615
2015-12-15,600071,14:13:41,2,22.05,500,1102500
2015-12-15,600071,14:12:46,1,21.97,5,10985
2015-12-15,600071,14:11:00,1,21.97,10,21970
2015-12-15,600071,14:10:45,2,22.0,1,2200
2015-12-15,600071,14:10:35,1,22.0,3,6600
2015-12-15,600071,14:09:20,2,22.02,5,11010
2015-12-15,600071,14:09:10,2,22.02,2,4404
2015-12-15,600071,14:07:55,0,22.01,5,11005
2015-12-15,600071,14:06:19,2,21.97,1,2197
2015-12-15,600071,14:06:04,1,21.96,5,10980
2015-12-15,600071,14:05:59,2,21.97,9,19773
2015-12-15,600071,14:05:54,2,21.97,11,24167
2015-12-15,600071,14:05:29,1,21.97,1,2197
2015-12-15,600071,14:03:08,1,21.97,5,10985
2015-12-15,600071,14:03:03,1,21.97,5,10985
2015-12-15,600071,14:02:53,1,21.97,21,46137
2015-12-15,600071,14:02:43,1,21.97,10,21970
2015-12-15,600071,14:02:38,1,21.97,20,43940
2015-12-15,600071,14:02:13,1,21.97,50,109850
2015-12-15,600071,14:01:53,1,21.98,20,43960
2015-12-15,600071,14:01:23,1,22.02,3,6606
2015-12-15,600071,14:01:13,1,22.02,38,83676
2015-12-15,600071,14:00:43,1,22.02,10,22020
2015-12-15,600071,14:00:28,1,22.03,8,17624
2015-12-15,600071,14:00:02,1,22.05,1,2205
2015-12-15,600071,13:59:07,1,22.05,30,66150
2015-12-15,600071,13:59:02,1,22.05,5,11025
2015-12-15,600071,13:58:17,2,22.08,5,11040
2015-12-15,600071,13:57:12,1,22.08,5,11040
2015-12-15,600071,13:56:47,1,22.08,5,11040
2015-12-15,600071,13:56:37,2,22.1,5,11050
2015-12-15,600071,13:56:21,2,22.1,1,2210
2015-12-15,600071,13:55:21,1,22.1,405,895116
2015-12-15,600071,13:54:41,2,22.1,294,651883
2015-12-15,600071,13:54:16,2,22.05,200,441000
2015-12-15,600071,13:53:46,2,22.05,100,220500
2015-12-15,600071,13:53:11,2,22.0,100,220000
2015-12-15,600071,13:53:06,2,22.0,1,2200
2015-12-15,600071,13:52:56,0,21.99,29,63770
2015-12-15,600071,13:52:00,2,22.0,1,2200
2015-12-15,600071,13:51:35,2,22.0,1,2200
2015-12-15,600071,13:50:21,2,22.0,8,17600
2015-12-15,600071,13:49:56,0,21.95,7,15365
2015-12-15,600071,13:48:41,2,22.0,29,63800
2015-12-15,600071,13:48:26,1,21.93,30,65790
2015-12-15,600071,13:48:21,1,22.0,280,616066
2015-12-15,600071,13:48:11,2,22.0,24,54934
2015-12-15,600071,13:48:06,2,22.0,1,2200
2015-12-15,600071,13:47:51,2,22.0,5,11000
2015-12-15,600071,13:47:36,2,22.0,300,660000
2015-12-15,600071,13:47:31,2,22.0,200,440000
2015-12-15,600071,13:47:21,2,22.0,100,220000
2015-12-15,600071,13:47:16,2,22.0,202,444400
2015-12-15,600071,13:47:06,2,22.0,300,660000
2015-12-15,600071,13:47:01,2,22.0,200,440000
2015-12-15,600071,13:46:46,2,22.0,300,660000
2015-12-15,600071,13:46:26,2,21.93,283,620619
2015-12-15,600071,13:46:11,2,21.93,200,438600
2015-12-15,600071,13:46:01,1,21.93,17,37281
2015-12-15,600071,13:44:46,2,21.93,1,2193
2015-12-15,600071,13:44:41,0,21.93,6,13158
2015-12-15,600071,13:43:41,0,21.92,1,2192
2015-12-15,600071,13:43:05,1,21.9,7,15329
2015-12-15,600071,13:43:00,1,21.9,10,21900
2015-12-15,600071,13:42:45,1,21.9,30,65700
2015-12-15,600071,13:42:30,1,21.91,11,24101
2015-12-15,600071,13:41:55,1,22.0,44,96866
2015-12-15,600071,13:41:50,1,22.0,20,44000
2015-12-15,600071,13:41:40,1,22.0,160,352000
2015-12-15,600071,13:41:10,1,22.0,5,11000
2015-12-15,600071,13:40:35,1,22.0,9,19800
2015-12-15,600071,13:40:25,1,22.0,10,22000
2015-12-15,600071,13:40:15,1,22.0,7,15400
2015-12-15,600071,13:40:15,1,22.0,62,136400
2015-12-15,600071,13:39:50,1,22.0,34,74800
2015-12-15,600071,13:39:35,1,22.0,2,4400
2015-12-15,600071,13:39:25,1,22.0,10,22000
2015-12-15,600071,13:39:15,1,22.01,2,4402
2015-12-15,600071,13:38:50,1,22.01,37,81437
2015-12-15,600071,13:38:45,2,22.01,14,30814
2015-12-15,600071,13:38:30,1,22.0,4,8800
2015-12-15,600071,13:38:25,1,22.0,3,6600
2015-12-15,600071,13:38:10,1,22.0,603,1328734
2015-12-15,600071,13:38:00,2,22.01,73,160673
2015-12-15,600071,13:37:45,1,22.01,28,61628
2015-12-15,600071,13:36:25,1,22.01,6,13206
2015-12-15,600071,13:36:10,1,22.01,10,22010
2015-12-15,600071,13:35:55,1,22.01,1,2201
2015-12-15,600071,13:35:40,2,22.02,1,2202
2015-12-15,600071,13:35:05,1,22.02,3,6606
2015-12-15,600071,13:34:35,1,22.05,1,2205
2015-12-15,600071,13:34:15,1,22.05,10,22050
2015-12-15,600071,13:33:40,1,22.05,3,6615
2015-12-15,600071,13:31:44,2,22.07,1,2207
2015-12-15,600071,13:30:44,1,22.07,4,8828
2015-12-15,600071,13:30:24,2,22.07,1,2207
2015-12-15,600071,13:29:54,2,22.07,1,2207
2015-12-15,600071,13:29:14,2,22.05,69,152145
2015-12-15,600071,13:28:54,2,22.05,300,661500
2015-12-15,600071,13:28:39,2,22.05,200,441000
2015-12-15,600071,13:28:24,1,22.01,5,11005
2015-12-15,600071,13:28:09,2,22.03,7,15421
2015-12-15,600071,13:27:54,2,22.03,100,220300
2015-12-15,600071,13:27:44,2,22.03,200,440600
2015-12-15,600071,13:27:39,2,22.03,5,11015
2015-12-15,600071,13:27:34,2,22.03,5,11015
2015-12-15,600071,13:27:29,1,22.01,23,50623
2015-12-15,600071,13:27:19,2,22.03,1,2203
2015-12-15,600071,13:27:04,2,22.03,17,37451
2015-12-15,600071,13:26:09,0,22.02,200,440400
2015-12-15,600071,13:25:24,2,22.03,3,6609
2015-12-15,600071,13:25:14,2,22.03,200,440600
2015-12-15,600071,13:25:09,2,22.03,200,440600
2015-12-15,600071,13:24:24,2,22.03,300,660900
2015-12-15,600071,13:24:14,1,22.0,3,6600
2015-12-15,600071,13:24:09,2,22.01,204,449004
2015-12-15,600071,13:23:54,1,22.01,25,55025
2015-12-15,600071,13:23:39,1,22.03,62,136586
2015-12-15,600071,13:23:14,1,22.03,300,660900
2015-12-15,600071,13:22:54,2,22.03,238,524314
2015-12-15,600071,13:22:49,2,22.03,67,147601
2015-12-15,600071,13:22:34,2,22.03,205,451615
2015-12-15,600071,13:22:19,0,22.03,5,11015
2015-12-15,600071,13:21:24,1,22.0,200,440000
2015-12-15,600071,13:21:08,1,22.03,22,48466
2015-12-15,600071,13:19:48,2,22.03,195,429585
2015-12-15,600071,13:19:33,1,22.02,10,22020
2015-12-15,600071,13:19:08,0,22.03,5,11015
2015-12-15,600071,13:18:38,1,22.02,94,206988
2015-12-15,600071,13:18:33,1,22.02,2,4404
2015-12-15,600071,13:18:13,1,22.02,99,217998
2015-12-15,600071,13:17:43,2,22.02,4,8808
2015-12-15,600071,13:17:23,1,22.01,50,110050
2015-12-15,600071,13:17:13,1,22.01,51,112251
2015-12-15,600071,13:16:58,1,22.01,20,44020
2015-12-15,600071,13:16:38,2,22.05,4,8820
2015-12-15,600071,13:16:23,2,22.05,109,240345
2015-12-15,600071,13:16:13,2,22.05,5,11025
2015-12-15,600071,13:16:08,1,22.05,87,191835
2015-12-15,600071,13:15:53,1,22.05,7,15435
2015-12-15,600071,13:15:23,1,22.07,4,8828
2015-12-15,600071,13:14:53,1,22.08,11,24287
2015-12-15,600071,13:14:13,2,22.1,130,287300
2015-12-15,600071,13:13:53,1,22.1,199,439790
2015-12-15,600071,13:13:33,2,22.1,59,130390
2015-12-15,600071,13:13:28,1,22.1,141,311610
2015-12-15,600071,13:13:13,1,22.1,110,243100
2015-12-15,600071,13:12:53,2,22.1,123,271830
2015-12-15,600071,13:12:18,2,22.1,5,11050
2015-12-15,600071,13:12:08,2,22.1,1,2210
2015-12-15,600071,13:11:53,2,22.1,110,243100
2015-12-15,600071,13:11:38,2,22.1,5,11050
2015-12-15,600071,13:11:23,1,22.1,268,592280
2015-12-15,600071,13:11:18,1,22.1,200,442000
2015-12-15,600071,13:10:58,1,22.1,116,256360
2015-12-15,600071,13:10:48,2,22.11,71,156981
2015-12-15,600071,13:10:43,1,22.1,100,221000
2015-12-15,600071,13:10:33,1,22.1,1,2210
2015-12-15,600071,13:10:18,1,22.1,100,221000
2015-12-15,600071,13:10:13,1,22.1,50,110500
2015-12-15,600071,13:09:58,2,22.1,45,99450
2015-12-15,600071,13:09:48,1,22.1,55,121550
2015-12-15,600071,13:09:43,2,22.11,6,13266
2015-12-15,600071,13:09:33,2,22.1,45,99450
2015-12-15,600071,13:09:28,1,22.1,255,563550
2015-12-15,600071,13:09:18,0,22.1,5,11050
2015-12-15,600071,13:08:27,1,22.1,150,331500
2015-12-15,600071,13:07:17,1,22.11,78,172458
2015-12-15,600071,13:07:07,1,22.11,100,221100
2015-12-15,600071,13:06:37,1,22.11,100,221100
2015-12-15,600071,13:06:17,1,22.11,300,663300
2015-12-15,600071,13:06:07,1,22.11,5,11055
2015-12-15,600071,13:06:02,1,22.11,100,221100
2015-12-15,600071,13:05:32,1,22.11,100,221100
2015-12-15,600071,13:04:52,1,22.11,105,232155
2015-12-15,600071,13:04:47,1,22.11,5,11055
2015-12-15,600071,13:04:17,1,22.11,200,442200
2015-12-15,600071,13:03:12,1,22.11,300,663300
2015-12-15,600071,13:02:57,2,22.2,5,11100
2015-12-15,600071,13:02:47,2,22.2,20,44400
2015-12-15,600071,13:02:42,1,22.2,53,117660
2015-12-15,600071,13:02:22,2,22.24,2,4448
2015-12-15,600071,13:01:47,1,22.22,200,444400
2015-12-15,600071,13:01:37,2,22.22,214,475508
2015-12-15,600071,13:01:17,2,22.22,300,666600
2015-12-15,600071,13:01:12,2,22.22,201,446622
2015-12-15,600071,13:00:42,2,22.22,300,666600
2015-12-15,600071,13:00:17,2,22.21,370,821770
2015-12-15,600071,13:00:12,1,22.2,55,122100
2015-12-15,600071,11:29:40,2,22.2,3,6660
2015-12-15,600071,11:29:04,2,22.2,13,28860
2015-12-15,600071,11:28:14,2,22.2,50,111000
2015-12-15,600071,11:27:29,1,22.19,25,55475
2015-12-15,600071,11:26:59,2,22.19,15,33285
2015-12-15,600071,11:26:49,1,22.14,1,2214
2015-12-15,600071,11:26:29,1,22.14,20,44280
2015-12-15,600071,11:26:24,2,22.14,2,4428
2015-12-15,600071,11:25:44,2,22.14,10,22140
2015-12-15,600071,11:25:24,1,22.15,8,17720
2015-12-15,600071,11:25:19,2,22.2,150,333000
2015-12-15,600071,11:25:09,2,22.15,42,93030
2015-12-15,600071,11:24:54,2,22.15,35,77525
2015-12-15,600071,11:24:09,2,22.15,39,86385
2015-12-15,600071,11:24:04,2,22.13,2,4426
2015-12-15,600071,11:23:44,2,22.15,15,33225
2015-12-15,600071,11:23:14,2,22.14,24,53136
2015-12-15,600071,11:22:44,2,22.14,25,55394
2015-12-15,600071,11:22:09,2,22.09,54,119286
2015-12-15,600071,11:21:59,1,22.06,2,4412
2015-12-15,600071,11:21:54,2,22.06,31,68386
2015-12-15,600071,11:20:49,2,22.05,19,41895
2015-12-15,600071,11:20:34,2,22.05,1,2205
2015-12-15,600071,11:20:04,2,22.05,12,26460
2015-12-15,600071,11:19:54,1,22.01,5,11005
2015-12-15,600071,11:19:04,1,22.01,16,35216
2015-12-15,600071,11:18:44,1,22.01,10,22010
2015-12-15,600071,11:18:39,1,22.01,4,8804
2015-12-15,600071,11:18:29,1,22.01,4,8804
2015-12-15,600071,11:18:09,1,22.01,10,22010
2015-12-15,600071,11:16:54,1,22.05,17,37485
2015-12-15,600071,11:16:33,1,22.05,1,2205
2015-12-15,600071,11:15:48,2,22.05,27,59535
2015-12-15,600071,11:15:28,1,22.01,102,224502
2015-12-15,600071,11:15:18,2,22.03,3,6609
2015-12-15,600071,11:14:43,2,22.03,18,39654
2015-12-15,600071,11:14:28,1,22.0,200,440000
2015-12-15,600071,11:14:13,2,22.03,20,44060
2015-12-15,600071,11:14:08,0,22.01,1,2201
2015-12-15,600071,11:13:38,2,22.0,140,308000
2015-12-15,600071,11:11:53,1,22.0,492,1082400
2015-12-15,600071,11:11:23,2,22.01,21,46221
2015-12-15,600071,11:10:38,1,22.0,20,44000
2015-12-15,600071,11:10:28,2,22.0,169,371800
2015-12-15,600071,11:10:03,2,21.85,9,19665
2015-12-15,600071,11:09:48,2,21.85,11,24035
2015-12-15,600071,11:09:33,2,21.85,10,21850
2015-12-15,600071,11:09:13,2,21.85,45,98325
2015-12-15,600071,11:08:58,2,21.85,15,32775
2015-12-15,600071,11:08:43,2,21.85,10,21850
2015-12-15,600071,11:08:38,2,21.85,11,24035
2015-12-15,600071,11:08:33,2,21.85,10,21850
2015-12-15,600071,11:08:28,2,21.85,10,21850
2015-12-15,600071,11:08:18,2,21.85,5,10925
2015-12-15,600071,11:08:13,1,21.85,322,703570
2015-12-15,600071,11:08:03,2,22.0,2,4400
2015-12-15,600071,11:07:58,2,21.93,10,21930
2015-12-15,600071,11:06:08,1,21.91,10,21910
2015-12-15,600071,11:05:38,1,21.92,10,21920
2015-12-15,600071,11:05:03,1,21.93,5,10965
2015-12-15,600071,11:04:48,2,21.95,5,10975
2015-12-15,600071,11:04:18,2,21.95,8,17560
2015-12-15,600071,11:04:02,1,21.95,2,4390
2015-12-15,600071,11:03:32,1,21.95,8,17560
2015-12-15,600071,11:02:47,1,21.95,12,26340
2015-12-15,600071,11:02:22,1,21.96,1,2196
2015-12-15,600071,11:01:42,1,22.0,3,6600
2015-12-15,600071,11:00:57,1,22.0,7,15400
2015-12-15,600071,11:00:32,1,22.0,10,22000
2015-12-15,600071,11:00:12,1,22.0,30,66000
2015-12-15,600071,10:59:52,1,22.0,12,26400
2015-12-15,600071,10:59:42,1,22.0,5,11000
2015-12-15,600071,10:59:32,1,22.0,4,8800
2015-12-15,600071,10:59:27,1,22.0,20,44000
2015-12-15,600071,10:59:17,1,22.0,10,22000
2015-12-15,600071,10:58:57,1,22.0,20,44000
2015-12-15,600071,10:58:42,2,22.01,3,6603
2015-12-15,600071,10:58:07,1,22.0,7,15400
2015-12-15,600071,10:57:52,1,22.0,4,8800
2015-12-15,600071,10:57:37,1,22.0,44,96800
2015-12-15,600071,10:57:22,1,22.0,6,13200
2015-12-15,600071,10:57:07,0,22.01,52,114452
2015-12-15,600071,10:56:52,1,22.0,212,466400
2015-12-15,600071,10:56:47,1,22.01,5,11005
2015-12-15,600071,10:56:22,1,22.03,6,13218
2015-12-15,600071,10:56:06,1,22.03,2,4406
2015-12-15,600071,10:55:56,2,22.05,9,19845
2015-12-15,600071,10:55:41,0,22.03,2,4406
2015-12-15,600071,10:55:11,1,22.01,14,30814
2015-12-15,600071,10:54:51,1,22.05,1,2205
2015-12-15,600071,10:54:36,1,22.05,1,2205
2015-12-15,600071,10:54:21,2,22.06,4,8824
2015-12-15,600071,10:53:51,2,22.05,54,119070
2015-12-15,600071,10:53:31,1,22.05,8,17640
2015-12-15,600071,10:53:21,1,22.05,10,22050
2015-12-15,600071,10:52:56,2,22.06,44,97064
2015-12-15,600071,10:52:46,2,22.05,51,112455
2015-12-15,600071,10:52:36,1,22.0,5,11000
2015-12-15,600071,10:52:31,2,22.0,43,94600
2015-12-15,600071,10:52:11,1,22.0,7,15400
2015-12-15,600071,10:52:01,1,22.0,10,22000
2015-12-15,600071,10:51:41,1,22.07,28,61796
2015-12-15,600071,10:51:26,1,22.07,175,386225
2015-12-15,600071,10:51:11,0,22.09,5,11045
2015-12-15,600071,10:50:56,0,22.08,13,28703
2015-12-15,600071,10:50:41,1,22.07,8,17656
2015-12-15,600071,10:50:26,2,22.07,75,165525
2015-12-15,600071,10:50:11,1,21.96,2,4392
2015-12-15,600071,10:50:06,2,22.0,6,13200
2015-12-15,600071,10:49:56,1,22.0,3,6600
2015-12-15,600071,10:49:31,1,22.05,11,24255
2015-12-15,600071,10:49:21,1,22.05,20,44100
2015-12-15,600071,10:49:06,2,22.1,1,2210
2015-12-15,600071,10:48:51,1,22.1,6,13260
2015-12-15,600071,10:48:46,2,22.1,15,33150
2015-12-15,600071,10:48:21,2,22.1,20,44200
2015-12-15,600071,10:48:01,0,22.03,38,83714
2015-12-15,600071,10:47:46,1,22.0,50,110000
2015-12-15,600071,10:47:41,2,22.03,3,6609
2015-12-15,600071,10:47:26,2,22.0,8,19360
2015-12-15,600071,10:47:16,1,22.0,61,134640
2015-12-15,600071,10:46:56,1,22.0,10,22000
2015-12-15,600071,10:46:41,2,22.0,190,419760
2015-12-15,600071,10:46:26,2,21.92,3,6576
2015-12-15,600071,10:46:16,2,21.9,104,227759
2015-12-15,600071,10:46:06,2,21.9,2,4380
2015-12-15,600071,10:45:36,2,21.9,9,19710
2015-12-15,600071,10:45:21,2,21.9,31,67890
2015-12-15,600071,10:45:16,2,21.9,100,219000
2015-12-15,600071,10:44:46,2,21.9,18,39420
2015-12-15,600071,10:44:35,1,21.88,140,306320
2015-12-15,600071,10:44:30,2,21.88,42,91896
2015-12-15,600071,10:43:55,1,21.85,3,6555
2015-12-15,600071,10:43:45,1,21.85,1,2185
2015-12-15,600071,10:43:10,2,21.85,25,54625
2015-12-15,600071,10:42:50,0,21.82,17,37094
2015-12-15,600071,10:41:50,1,21.83,4,8732
2015-12-15,600071,10:41:40,2,21.84,3,6552
2015-12-15,600071,10:41:00,2,21.84,2,4368
2015-12-15,600071,10:40:45,1,21.82,3,6546
2015-12-15,600071,10:40:00,0,21.83,2,4366
2015-12-15,600071,10:38:55,1,21.83,7,15280
2015-12-15,600071,10:38:05,1,21.83,20,43660
2015-12-15,600071,10:37:35,2,21.84,1,2184
2015-12-15,600071,10:36:40,1,21.83,29,63306
2015-12-15,600071,10:36:30,1,21.84,4,8736
2015-12-15,600071,10:35:40,1,21.83,20,43660
2015-12-15,600071,10:35:10,1,21.83,9,19647
2015-12-15,600071,10:34:55,2,21.83,6,13097
2015-12-15,600071,10:33:35,1,21.81,3,6543
2015-12-15,600071,10:33:05,1,21.81,16,34896
2015-12-15,600071,10:32:20,1,21.81,5,10905
2015-12-15,600071,10:31:50,1,21.82,47,102554
2015-12-15,600071,10:31:45,1,21.82,30,65460
2015-12-15,600071,10:31:20,2,21.83,9,19647
2015-12-15,600071,10:30:59,2,21.84,3,6552
2015-12-15,600071,10:30:34,1,21.84,2,4368
2015-12-15,600071,10:30:14,2,21.84,3,6552
2015-12-15,600071,10:29:59,0,21.84,31,67704
2015-12-15,600071,10:29:14,2,21.85,3,6555
2015-12-15,600071,10:28:09,1,21.82,3,6546
2015-12-15,600071,10:27:39,0,21.82,22,48004
2015-12-15,600071,10:25:49,1,21.81,2,4362
2015-12-15,600071,10:25:14,0,21.81,2,4362
2015-12-15,600071,10:24:34,1,21.8,5,10900
2015-12-15,600071,10:23:59,1,21.8,100,218000
2015-12-15,600071,10:22:54,0,21.85,2,4370
2015-12-15,600071,10:21:49,2,21.87,18,39366
2015-12-15,600071,10:21:34,2,21.86,12,26232
2015-12-15,600071,10:20:44,1,21.83,4,8732
2015-12-15,600071,10:18:24,2,21.83,14,30561
2015-12-15,600071,10:17:49,1,21.83,10,21830
2015-12-15,600071,10:16:13,2,21.86,3,6558
2015-12-15,600071,10:15:52,0,21.86,13,28418
2015-12-15,600071,10:11:50,1,21.87,29,63423
2015-12-15,600071,10:11:25,1,21.87,2,4374
2015-12-15,600071,10:11:05,0,21.87,30,65610
2015-12-15,600071,10:09:40,1,21.82,5,10910
2015-12-15,600071,10:09:15,1,21.82,3,6546
2015-12-15,600071,10:08:55,1,21.82,30,65460
2015-12-15,600071,10:08:14,0,21.88,5,10940
2015-12-15,600071,10:04:33,2,21.9,27,59129
2015-12-15,600071,10:03:53,1,21.86,12,26232
2015-12-15,600071,10:03:48,1,21.86,20,43720
2015-12-15,600071,10:03:38,2,21.9,10,21900
2015-12-15,600071,10:01:58,2,21.9,4,8760
2015-12-15,600071,10:00:47,1,21.9,34,74460
2015-12-15,600071,10:00:27,2,21.92,10,21920
2015-12-15,600071,09:59:42,1,21.92,44,96886
2015-12-15,600071,09:58:37,1,21.92,0,1753
2015-12-15,600071,09:58:32,2,21.92,27,59184
2015-12-15,600071,09:58:27,1,21.91,13,28483
2015-12-15,600071,09:58:22,1,21.91,9,19719
2015-12-15,600071,09:58:12,1,21.91,1,2191
2015-12-15,600071,09:58:07,1,21.9,69,151110
2015-12-15,600071,09:58:02,2,21.91,4,8764
2015-12-15,600071,09:57:57,1,21.9,69,151110
2015-12-15,600071,09:57:01,1,21.9,10,21900
2015-12-15,600071,09:56:31,2,21.91,5,10955
2015-12-15,600071,09:56:06,2,21.9,6,13140
2015-12-15,600071,09:55:51,2,21.9,28,61319
2015-12-15,600071,09:55:46,1,21.89,5,10945
2015-12-15,600071,09:55:21,1,21.89,10,21890
2015-12-15,600071,09:54:56,2,21.89,10,21890
2015-12-15,600071,09:54:41,1,21.87,4,8748
2015-12-15,600071,09:54:26,2,21.85,3,6555
2015-12-15,600071,09:54:16,0,21.81,8,17448
2015-12-15,600071,09:52:55,1,21.8,42,91560
2015-12-15,600071,09:52:30,2,21.85,6,13110
2015-12-15,600071,09:51:45,1,21.82,3,6546
2015-12-15,600071,09:51:35,2,21.83,10,21830
2015-12-15,600071,09:51:15,1,21.83,48,104783
2015-12-15,600071,09:50:45,1,21.83,61,133163
2015-12-15,600071,09:50:20,1,21.85,6,13110
2015-12-15,600071,09:50:15,1,21.85,20,43700
2015-12-15,600071,09:50:05,1,21.86,47,102742
2015-12-15,600071,09:49:49,1,21.87,45,98415
2015-12-15,600071,09:49:24,1,21.88,3,6564
2015-12-15,600071,09:49:19,2,21.9,1,2190
2015-12-15,600071,09:48:59,1,21.88,2,4376
2015-12-15,600071,09:48:54,0,21.9,5,10950
2015-12-15,600071,09:48:39,0,21.9,5,10950
2015-12-15,600071,09:48:04,0,21.91,1,2191
2015-12-15,600071,09:47:54,0,21.87,3,6561
2015-12-15,600071,09:46:19,2,21.92,23,50416
2015-12-15,600071,09:46:08,0,21.86,3,6558
2015-12-15,600071,09:44:58,2,21.85,4,8740
2015-12-15,600071,09:44:48,2,21.85,1,2185
2015-12-15,600071,09:44:28,1,21.93,21,46053
2015-12-15,600071,09:44:23,1,21.93,10,21930
2015-12-15,600071,09:44:18,1,21.94,24,52656
2015-12-15,600071,09:44:03,1,21.94,7,15358
2015-12-15,600071,09:43:53,1,21.94,19,41686
2015-12-15,600071,09:43:43,0,21.94,10,21940
2015-12-15,600071,09:43:28,2,21.96,40,87840
2015-12-15,600071,09:42:51,2,21.96,13,28548
2015-12-15,600071,09:42:40,2,21.95,14,30730
2015-12-15,600071,09:42:20,1,21.93,5,10965
2015-12-15,600071,09:42:15,2,21.93,18,39474
2015-12-15,600071,09:42:05,0,21.93,10,21930
2015-12-15,600071,09:40:35,0,21.94,4,8776
2015-12-15,600071,09:39:15,2,21.82,1,2182
2015-12-15,600071,09:39:10,1,21.82,7,15274
2015-12-15,600071,09:38:55,1,21.96,10,21960
2015-12-15,600071,09:38:52,0,21.9,5,10950
2015-12-15,600071,09:37:41,1,21.8,15,32700
2015-12-15,600071,09:37:36,1,21.9,3,6570
2015-12-15,600071,09:37:31,2,21.9,49,107310
2015-12-15,600071,09:37:26,1,21.8,28,61040
2015-12-15,600071,09:37:21,2,21.81,17,37077
2015-12-15,600071,09:37:16,1,21.8,20,43600
2015-12-15,600071,09:36:56,2,21.81,3,6543
2015-12-15,600071,09:36:41,1,21.79,10,21790
2015-12-15,600071,09:36:31,2,21.83,23,50208
2015-12-15,600071,09:36:16,2,21.8,25,54500
2015-12-15,600071,09:36:06,1,21.75,5,10875
2015-12-15,600071,09:35:56,2,21.75,5,10875
2015-12-15,600071,09:35:41,2,21.73,5,10886
2015-12-15,600071,09:35:31,1,21.73,30,67341
2015-12-15,600071,09:35:16,2,21.74,3,6543
2015-12-15,600071,09:35:11,1,21.71,10,21710
2015-12-15,600071,09:35:00,2,21.74,10,21740
2015-12-15,600071,09:34:55,1,21.73,4,10843
2015-12-15,600071,09:34:50,2,21.73,5,10886
2015-12-15,600071,09:34:20,2,21.73,37,80401
2015-12-15,600071,09:34:10,2,21.72,33,71676
2015-12-15,600071,09:33:30,2,21.72,2,4344
2015-12-15,600071,09:32:55,2,21.72,46,99912
2015-12-15,600071,09:32:50,2,21.7,31,67270
2015-12-15,600071,09:32:45,0,21.7,19,41230
2015-12-15,600071,09:32:15,2,21.7,20,43400
2015-12-15,600071,09:31:55,2,21.7,1,2170
2015-12-15,600071,09:31:50,2,21.7,1,2170
2015-12-15,600071,09:31:35,2,21.7,42,91140
2015-12-15,600071,09:31:30,1,21.55,16,34480
2015-12-15,600071,09:31:25,1,21.7,10,21700
2015-12-15,600071,09:31:14,2,21.7,2,4340
2015-12-15,600071,09:30:49,0,21.69,10,21690
2015-12-15,600071,09:30:09,2,21.72,18,39096
2015-12-15,600071,09:30:04,2,21.65,7,15154
2015-12-14,600071,15:00:05,1,21.62,0,0
2015-12-14,600071,15:00:00,2,21.63,4,8652
2015-12-14,600071,14:59:55,2,21.63,7,15141
2015-12-14,600071,14:59:35,1,21.62,2,4324
2015-12-14,600071,14:59:30,2,21.63,2,4326
2015-12-14,600071,14:59:00,2,21.62,37,79994
2015-12-14,600071,14:58:30,2,21.59,70,151130
2015-12-14,600071,14:58:25,2,21.57,5,10785
2015-12-14,600071,14:58:20,1,21.57,33,71181
2015-12-14,600071,14:58:10,1,21.57,61,131577
2015-12-14,600071,14:57:50,1,21.57,50,107850
2015-12-14,600071,14:57:40,2,21.58,7,15105
2015-12-14,600071,14:57:35,1,21.57,32,69024
2015-12-14,600071,14:57:25,2,21.58,6,12947
2015-12-14,600071,14:57:20,2,21.58,2,4316
2015-12-14,600071,14:57:10,1,21.57,10,21570
2015-12-14,600071,14:57:05,1,21.56,5,10780
2015-12-14,600071,14:56:55,1,21.56,50,107800
2015-12-14,600071,14:56:35,2,21.56,33,71148
2015-12-14,600071,14:56:30,0,21.56,26,56056
2015-12-14,600071,14:56:05,2,21.57,1,2157
2015-12-14,600071,14:55:45,2,21.57,2,4314
2015-12-14,600071,14:55:20,2,21.56,1,2156
2015-12-14,600071,14:55:00,2,21.56,3,6468
2015-12-14,600071,14:54:50,1,21.56,10,21560
2015-12-14,600071,14:53:45,2,21.56,10,21560
2015-12-14,600071,14:52:35,1,21.53,12,25836
2015-12-14,600071,14:52:20,1,21.53,14,30142
2015-12-14,600071,14:52:10,2,21.55,9,19395
2015-12-14,600071,14:51:50,1,21.53,7,15071
2015-12-14,600071,14:51:30,1,21.53,10,21530
2015-12-14,600071,14:51:05,1,21.53,20,43060
2015-12-14,600071,14:50:40,1,21.53,136,292808
2015-12-14,600071,14:50:20,1,21.55,4,8620
2015-12-14,600071,14:50:05,1,21.55,2,4310
2015-12-14,600071,14:49:45,2,21.55,13,28015
2015-12-14,600071,14:49:30,1,21.53,20,44782
2015-12-14,600071,14:49:10,1,21.53,20,43060
2015-12-14,600071,14:48:50,1,21.53,66,142098
2015-12-14,600071,14:48:19,1,21.55,45,96975
2015-12-14,600071,14:48:09,1,21.56,5,10780
2015-12-14,600071,14:47:44,1,21.56,3,6468
2015-12-14,600071,14:47:34,1,21.57,28,60396
2015-12-14,600071,14:47:19,1,21.58,7,15105
2015-12-14,600071,14:47:14,2,21.59,2,4318
2015-12-14,600071,14:46:59,1,21.58,5,10790
2015-12-14,600071,14:46:29,2,21.6,7,15120
2015-12-14,600071,14:45:39,1,21.58,18,38844
2015-12-14,600071,14:44:54,2,21.6,12,25920
2015-12-14,600071,14:44:39,1,21.6,3,6480
2015-12-14,600071,14:43:24,2,21.62,5,10810
2015-12-14,600071,14:43:04,2,21.6,11,23760
2015-12-14,600071,14:41:59,2,21.57,1,2157
2015-12-14,600071,14:41:49,1,21.57,48,105369
2015-12-14,600071,14:41:29,0,21.58,7,15105
2015-12-14,600071,14:40:54,1,21.57,10,21570
2015-12-14,600071,14:40:19,2,21.57,21,45620
2015-12-14,600071,14:40:09,1,21.55,30,64650
2015-12-14,600071,14:39:44,1,21.55,32,68960
2015-12-14,600071,14:39:14,1,21.57,0,1833
2015-12-14,600071,14:39:04,1,21.57,29,62876
2015-12-14,600071,14:38:29,2,21.63,5,10815
2015-12-14,600071,14:38:14,1,21.58,13,28053
2015-12-14,600071,14:37:59,2,21.64,18,38952
2015-12-14,600071,14:37:44,1,21.58,43,92793
2015-12-14,600071,14:37:39,0,21.63,13,28119
2015-12-14,600071,14:37:14,2,21.64,20,43280
2015-12-14,600071,14:36:59,2,21.59,7,15113
2015-12-14,600071,14:36:54,2,21.58,2,4316
2015-12-14,600071,14:36:39,1,21.57,8,17256
2015-12-14,600071,14:36:14,2,21.57,10,21570
2015-12-14,600071,14:36:09,2,21.57,47,101379
2015-12-14,600071,14:35:54,2,21.53,1,2153
2015-12-14,600071,14:35:39,2,21.53,2,4306
2015-12-14,600071,14:35:34,2,21.53,6,12918
2015-12-14,600071,14:35:09,2,21.53,1,2153
2015-12-14,600071,14:35:04,1,21.51,28,60228
2015-12-14,600071,14:34:53,1,21.51,30,64530
2015-12-14,600071,14:34:48,2,21.51,39,83889
2015-12-14,600071,14:34:18,2,21.45,7,15015
2015-12-14,600071,14:34:13,2,21.44,10,21440
2015-12-14,600071,14:33:48,1,21.38,8,17104
2015-12-14,600071,14:33:43,2,21.41,5,10705
2015-12-14,600071,14:33:13,1,21.38,14,29932
2015-12-14,600071,14:32:43,1,21.4,1,2140
2015-12-14,600071,14:32:33,1,21.4,3,6420
2015-12-14,600071,14:32:08,1,21.45,1,2145
2015-12-14,600071,14:31:58,1,21.45,54,115830
2015-12-14,600071,14:31:53,1,21.45,13,27885
2015-12-14,600071,14:31:38,2,21.45,8,17160
2015-12-14,600071,14:31:23,2,21.42,18,38556
2015-12-14,600071,14:31:08,1,21.42,15,32130
2015-12-14,600071,14:30:18,1,21.42,20,42840
2015-12-14,600071,14:30:03,1,21.42,18,38556
2015-12-14,600071,14:29:58,2,21.42,6,12852
2015-12-14,600071,14:29:48,2,21.38,10,21380
2015-12-14,600071,14:29:33,2,21.38,5,10690
2015-12-14,600071,14:29:28,2,21.38,2,4276
2015-12-14,600071,14:29:13,2,21.38,5,10690
2015-12-14,600071,14:28:08,2,21.38,25,53450
2015-12-14,600071,14:27:53,1,21.34,20,42680
2015-12-14,600071,14:27:38,2,21.36,9,19224
2015-12-14,600071,14:27:08,2,21.36,18,38448
2015-12-14,600071,14:27:03,2,21.36,13,27768
2015-12-14,600071,14:26:53,2,21.36,15,32040
2015-12-14,600071,14:26:48,2,21.36,4,8544
2015-12-14,600071,14:26:38,2,21.36,3,6408
2015-12-14,600071,14:26:23,1,21.34,4,8536
2015-12-14,600071,14:26:18,1,21.36,5,10680
2015-12-14,600071,14:25:48,2,21.36,19,40584
2015-12-14,600071,14:25:33,2,21.34,3,6402
2015-12-14,600071,14:25:03,1,21.32,8,17056
2015-12-14,600071,14:24:28,2,21.32,2,4264
2015-12-14,600071,14:24:03,2,21.31,8,17048
2015-12-14,600071,14:23:23,2,21.31,10,21310
2015-12-14,600071,14:22:53,1,21.3,4,8520
2015-12-14,600071,14:22:43,1,21.31,3,6393
2015-12-14,600071,14:22:08,0,21.32,8,17056
2015-12-14,600071,14:22:03,1,21.32,1,2132
2015-12-14,600071,14:21:53,2,21.34,10,21340
2015-12-14,600071,14:21:33,1,21.34,9,19206
2015-12-14,600071,14:21:02,1,21.34,11,23474
2015-12-14,600071,14:20:57,1,21.34,10,21340
2015-12-14,600071,14:20:47,1,21.34,50,106700
2015-12-14,600071,14:20:12,2,21.34,37,78958
2015-12-14,600071,14:19:57,1,21.33,2,4266
2015-12-14,600071,14:19:37,2,21.33,12,25595
2015-12-14,600071,14:18:52,1,21.31,3,6393
2015-12-14,600071,14:18:47,1,21.3,8,17040
2015-12-14,600071,14:17:47,1,21.3,10,21300
2015-12-14,600071,14:17:27,2,21.33,10,21330
2015-12-14,600071,14:17:12,2,21.33,2,4266
2015-12-14,600071,14:17:12,1,21.3,10,21300
2015-12-14,600071,14:17:02,2,21.33,5,10665
2015-12-14,600071,14:16:47,2,21.33,20,42660
2015-12-14,600071,14:16:27,2,21.3,15,31950
2015-12-14,600071,14:16:02,2,21.29,32,68128
2015-12-14,600071,14:15:57,2,21.29,31,65999
2015-12-14,600071,14:15:42,2,21.29,30,63870
2015-12-14,600071,14:15:32,2,21.29,28,59612
2015-12-14,600071,14:15:27,2,21.29,20,42580
2015-12-14,600071,14:15:22,2,21.29,30,63870
2015-12-14,600071,14:15:12,2,21.29,55,117095
2015-12-14,600071,14:15:07,1,21.27,20,42540
2015-12-14,600071,14:14:52,1,21.28,1,2128
2015-12-14,600071,14:14:42,1,21.27,4,8508
2015-12-14,600071,14:14:37,1,21.27,3,6381
2015-12-14,600071,14:14:02,1,21.26,30,63780
2015-12-14,600071,14:13:52,1,21.26,1,2126
2015-12-14,600071,14:13:07,1,21.26,8,17008
2015-12-14,600071,14:13:02,2,21.28,16,34048
2015-12-14,600071,14:12:27,1,21.26,9,19134
2015-12-14,600071,14:12:12,1,21.26,16,34016
2015-12-14,600071,14:11:57,2,21.27,5,10635
2015-12-14,600071,14:11:42,2,21.27,12,25524
2015-12-14,600071,14:11:22,2,21.26,3,6378
2015-12-14,600071,14:11:07,1,21.25,1,2125
2015-12-14,600071,14:10:22,2,21.26,3,6378
2015-12-14,600071,14:10:17,1,21.25,4,8500
2015-12-14,600071,14:10:02,1,21.25,19,40375
2015-12-14,600071,14:09:52,1,21.25,3,6375
2015-12-14,600071,14:09:07,1,21.25,2,4250
2015-12-14,600071,14:08:52,1,21.25,2,4250
2015-12-14,600071,14:08:37,1,21.25,10,21250
2015-12-14,600071,14:08:27,1,21.25,2,4250
2015-12-14,600071,14:08:17,1,21.25,8,17000
2015-12-14,600071,14:07:57,1,21.25,17,36125
2015-12-14,600071,14:07:31,1,21.26,3,6378
2015-12-14,600071,14:07:11,1,21.26,8,17008
2015-12-14,600071,14:06:41,1,21.26,8,17008
2015-12-14,600071,14:06:11,1,21.26,2,4252
2015-12-14,600071,14:06:06,2,21.27,3,6381
2015-12-14,600071,14:05:56,1,21.26,2,4252
2015-12-14,600071,14:05:51,2,21.27,4,8508
2015-12-14,600071,14:05:31,2,21.27,12,25524
2015-12-14,600071,14:05:01,1,21.26,27,57402
2015-12-14,600071,14:04:46,1,21.27,44,93588
2015-12-14,600071,14:03:56,1,21.27,12,25524
2015-12-14,600071,14:03:11,1,21.28,8,17024
2015-12-14,600071,14:02:56,1,21.28,7,14896
2015-12-14,600071,14:02:46,2,21.29,2,4258
2015-12-14,600071,14:02:31,1,21.28,3,6384
2015-12-14,600071,14:02:16,1,21.3,46,97980
2015-12-14,600071,14:01:51,2,21.3,5,10650
2015-12-14,600071,14:01:46,2,21.3,4,8520
2015-12-14,600071,14:01:36,1,21.27,8,17016
2015-12-14,600071,14:01:31,2,21.3,1,2130
2015-12-14,600071,14:01:11,1,21.27,20,42540
2015-12-14,600071,14:00:56,1,21.29,4,8516
2015-12-14,600071,14:00:01,1,21.29,6,12774
2015-12-14,600071,13:59:46,1,21.3,3,6390
2015-12-14,600071,13:59:41,2,21.34,10,21340
2015-12-14,600071,13:59:26,0,21.34,2,4268
2015-12-14,600071,13:58:36,0,21.36,3,6408
2015-12-14,600071,13:58:21,1,21.27,8,17016
2015-12-14,600071,13:58:06,2,21.28,3,6384
2015-12-14,600071,13:57:51,2,21.28,2,4256
2015-12-14,600071,13:57:41,2,21.27,3,6381
2015-12-14,600071,13:57:21,2,21.25,59,125375
2015-12-14,600071,13:57:16,2,21.25,3,6375
2015-12-14,600071,13:57:06,2,21.25,34,72250
2015-12-14,600071,13:57:01,2,21.25,43,91375
2015-12-14,600071,13:56:51,2,21.25,34,72250
2015-12-14,600071,13:56:46,2,21.25,30,63750
2015-12-14,600071,13:56:41,2,21.25,43,91375
2015-12-14,600071,13:56:36,2,21.25,5,10625
2015-12-14,600071,13:56:31,2,21.25,4,8500
2015-12-14,600071,13:56:21,1,21.25,113,240125
2015-12-14,600071,13:56:01,0,21.28,6,12768
2015-12-14,600071,13:55:11,1,21.25,25,53125
2015-12-14,600071,13:54:56,0,21.26,5,10630
2015-12-14,600071,13:54:41,1,21.25,4,8500
2015-12-14,600071,13:54:26,2,21.35,10,21350
2015-12-14,600071,13:54:10,1,21.35,25,53375
2015-12-14,600071,13:53:55,2,21.35,2,4270
2015-12-14,600071,13:53:40,1,21.35,6,12810
2015-12-14,600071,13:53:10,2,21.35,294,627690
2015-12-14,600071,13:53:00,1,21.26,27,57402
2015-12-14,600071,13:52:55,1,21.26,51,108426
2015-12-14,600071,13:52:40,2,21.3,5,10650
2015-12-14,600071,13:52:35,1,21.28,8,17024
2015-12-14,600071,13:52:20,2,21.28,25,53200
2015-12-14,600071,13:52:05,1,21.28,122,259616
2015-12-14,600071,13:51:50,1,21.28,1,2128
2015-12-14,600071,13:51:35,1,21.3,154,328020
2015-12-14,600071,13:51:20,1,21.31,56,119336
2015-12-14,600071,13:51:10,2,21.34,3,6402
2015-12-14,600071,13:50:40,2,21.32,4,8528
2015-12-14,600071,13:50:30,1,21.31,1,2131
2015-12-14,600071,13:50:15,2,21.31,17,36227
2015-12-14,600071,13:49:40,1,21.26,4,8504
2015-12-14,600071,13:49:25,2,21.26,27,57402
2015-12-14,600071,13:49:15,2,21.26,5,10630
2015-12-14,600071,13:49:10,1,21.26,3,6378
2015-12-14,600071,13:48:10,1,21.26,24,51024
2015-12-14,600071,13:47:55,2,21.32,10,21320
2015-12-14,600071,13:47:35,1,21.23,8,16984
2015-12-14,600071,13:47:25,2,21.23,14,29722
2015-12-14,600071,13:47:20,2,21.23,5,10615
2015-12-14,600071,13:47:00,2,21.23,5,10615
2015-12-14,600071,13:47:00,1,21.23,198,420354
2015-12-14,600071,13:46:35,0,21.26,8,17008
2015-12-14,600071,13:46:20,2,21.32,8,17056
2015-12-14,600071,13:45:35,2,21.32,8,17056
2015-12-14,600071,13:45:20,2,21.32,100,213200
2015-12-14,600071,13:45:15,2,21.32,101,215332
2015-12-14,600071,13:45:05,1,21.3,12,25560
2015-12-14,600071,13:45:00,1,21.31,3,6393
2015-12-14,600071,13:44:55,2,21.31,5,10655
2015-12-14,600071,13:44:50,2,21.31,5,10655
2015-12-14,600071,13:44:45,1,21.3,4,8520
2015-12-14,600071,13:44:35,0,21.3,122,259860
2015-12-14,600071,13:44:15,1,21.24,50,106199
2015-12-14,600071,13:44:00,2,21.3,10,21300
2015-12-14,600071,13:43:55,1,21.24,15,31859
2015-12-14,600071,13:43:35,2,21.24,2,4248
2015-12-14,600071,13:43:25,2,21.24,1,2124
2015-12-14,600071,13:43:10,1,21.22,8,16976
2015-12-14,600071,13:43:00,2,21.22,22,46684
2015-12-14,600071,13:42:55,2,21.22,52,110344
2015-12-14,600071,13:42:40,2,21.22,133,282226
2015-12-14,600071,13:42:25,2,21.22,1,2122
2015-12-14,600071,13:42:10,1,21.21,83,176043
2015-12-14,600071,13:41:50,2,21.21,5,10605
2015-12-14,600071,13:41:35,1,21.2,8,16960
2015-12-14,600071,13:41:20,2,21.2,21,44520
2015-12-14,600071,13:40:55,2,21.2,1,2120
2015-12-14,600071,13:40:50,2,21.2,10,21200
2015-12-14,600071,13:40:19,2,21.2,3,6360
2015-12-14,600071,13:40:04,1,21.15,26,54989
2015-12-14,600071,13:39:49,2,21.2,27,57240
2015-12-14,600071,13:39:34,2,21.15,40,84600
2015-12-14,600071,13:39:19,2,21.15,26,54989
2015-12-14,600071,13:38:59,2,21.15,5,10575
2015-12-14,600071,13:38:49,2,21.15,22,46530
2015-12-14,600071,13:38:39,1,21.15,43,90945
2015-12-14,600071,13:38:14,2,21.2,5,10600
2015-12-14,600071,13:37:59,1,21.2,70,148400
2015-12-14,600071,13:37:29,2,21.21,1,2121
2015-12-14,600071,13:37:19,2,21.21,6,12726
2015-12-14,600071,13:36:49,1,21.2,10,21200
2015-12-14,600071,13:36:39,1,21.2,10,21200
2015-12-14,600071,13:36:29,1,21.2,15,31800
2015-12-14,600071,13:36:09,1,21.21,1,2121
2015-12-14,600071,13:35:24,2,21.21,15,31815
2015-12-14,600071,13:35:19,1,21.2,15,31800
2015-12-14,600071,13:35:09,1,21.2,8,16960
2015-12-14,600071,13:35:04,1,21.21,20,42420
2015-12-14,600071,13:34:59,1,21.21,48,101808
2015-12-14,600071,13:34:49,1,21.21,100,212100
2015-12-14,600071,13:34:44,1,21.21,4,8484
2015-12-14,600071,13:34:29,1,21.21,13,27573
2015-12-14,600071,13:34:14,1,21.21,102,216342
2015-12-14,600071,13:34:04,2,21.22,7,14854
2015-12-14,600071,13:33:59,1,21.22,8,16976
2015-12-14,600071,13:33:44,1,21.22,14,29708
2015-12-14,600071,13:33:19,1,21.22,3,6366
2015-12-14,600071,13:33:09,1,21.22,38,80636
2015-12-14,600071,13:32:59,1,21.24,1,2124
2015-12-14,600071,13:32:54,2,21.25,10,21250
2015-12-14,600071,13:32:29,2,21.25,5,10625
2015-12-14,600071,13:32:24,1,21.25,123,261375
2015-12-14,600071,13:31:44,1,21.3,3,8221
2015-12-14,600071,13:31:09,1,21.3,1,2130
2015-12-14,600071,13:30:59,2,21.3,0,298
2015-12-14,600071,13:30:49,2,21.3,16,34080
2015-12-14,600071,13:30:19,2,21.3,6,12780
2015-12-14,600071,13:30:04,1,21.26,20,42520
2015-12-14,600071,13:29:34,2,21.28,6,12768
2015-12-14,600071,13:28:59,2,21.28,1,2128
2015-12-14,600071,13:28:14,1,21.26,1,2126
2015-12-14,600071,13:27:59,1,21.26,2,4252
2015-12-14,600071,13:27:29,1,21.26,3,6378
2015-12-14,600071,13:27:14,1,21.26,30,63780
2015-12-14,600071,13:27:03,1,21.26,4,8504
2015-12-14,600071,13:26:58,1,21.28,5,10640
2015-12-14,600071,13:26:38,2,21.3,5,10650
2015-12-14,600071,13:26:23,1,21.3,9,21001
2015-12-14,600071,13:26:08,2,21.32,100,213200
2015-12-14,600071,13:25:58,0,21.31,5,10655
2015-12-14,600071,13:25:53,1,21.3,105,223650
2015-12-14,600071,13:25:43,1,21.31,2,4262
2015-12-14,600071,13:25:33,2,21.31,16,34096
2015-12-14,600071,13:25:13,2,21.31,10,21310
2015-12-14,600071,13:25:03,1,21.3,15,31950
2015-12-14,600071,13:24:18,1,21.32,17,36244
2015-12-14,600071,13:23:58,1,21.32,1,2132
2015-12-14,600071,13:23:43,1,21.32,1,2132
2015-12-14,600071,13:23:38,2,21.33,10,21330
2015-12-14,600071,13:23:08,1,21.32,4,8528
2015-12-14,600071,13:22:53,1,21.31,1,2131
2015-12-14,600071,13:22:03,2,21.32,3,6396
2015-12-14,600071,13:21:48,1,21.32,2,4264
2015-12-14,600071,13:21:38,1,21.33,10,21330
2015-12-14,600071,13:21:03,1,21.33,1,2133
2015-12-14,600071,13:20:48,2,21.34,5,10670
2015-12-14,600071,13:20:38,2,21.33,1,2133
2015-12-14,600071,13:20:03,1,21.33,17,36261
2015-12-14,600071,13:19:58,2,21.35,3,6405
2015-12-14,600071,13:19:48,2,21.35,2,4270
2015-12-14,600071,13:19:18,2,21.35,5,10675
2015-12-14,600071,13:19:13,0,21.33,6,12797
2015-12-14,600071,13:18:58,1,21.32,7,14924
2015-12-14,600071,13:18:13,0,21.32,10,21320
2015-12-14,600071,13:17:53,1,21.3,263,560190
2015-12-14,600071,13:17:02,1,21.31,5,10655
2015-12-14,600071,13:16:52,1,21.31,11,23441
2015-12-14,600071,13:16:47,1,21.31,4,8524
2015-12-14,600071,13:16:42,2,21.31,14,30132
2015-12-14,600071,13:16:32,2,21.31,7,14917
2015-12-14,600071,13:16:07,1,21.31,455,971437
2015-12-14,600071,13:15:52,2,21.41,1,2141
2015-12-14,600071,13:15:02,1,21.4,9,19260
2015-12-14,600071,13:14:32,1,21.42,6,12852
2015-12-14,600071,13:14:22,2,21.43,10,21430
2015-12-14,600071,13:13:47,1,21.42,1,2142
2015-12-14,600071,13:13:17,0,21.42,3,6426
2015-12-14,600071,13:12:22,2,21.41,5,10705
2015-12-14,600071,13:11:57,1,21.4,5,10700
2015-12-14,600071,13:11:07,1,21.4,3,6420
2015-12-14,600071,13:10:42,1,21.4,3,6420
2015-12-14,600071,13:10:16,0,21.41,5,10705
2015-12-14,600071,13:10:01,1,21.4,23,49220
2015-12-14,600071,13:09:46,2,21.41,8,17128
2015-12-14,600071,13:09:41,2,21.41,12,25692
2015-12-14,600071,13:09:36,2,21.41,9,19269
2015-12-14,600071,13:08:46,1,21.41,33,70653
2015-12-14,600071,13:08:36,1,21.41,1,2141
2015-12-14,600071,13:08:31,1,21.41,12,25692
2015-12-14,600071,13:08:16,2,21.43,20,42860
2015-12-14,600071,13:07:16,1,21.41,4,8564
2015-12-14,600071,13:07:06,1,21.42,1,2142
2015-12-14,600071,13:06:21,2,21.42,1,2142
2015-12-14,600071,13:05:56,1,21.41,6,12846
2015-12-14,600071,13:05:51,1,21.41,1,2141
2015-12-14,600071,13:05:01,1,21.41,20,42820
2015-12-14,600071,13:04:16,2,21.42,10,21420
2015-12-14,600071,13:03:46,1,21.41,3,6423
2015-12-14,600071,13:03:21,2,21.42,8,17136
2015-12-14,600071,13:03:16,1,21.42,49,104958
2015-12-14,600071,13:02:56,2,21.42,1,2142
2015-12-14,600071,13:02:51,2,21.42,30,64260
2015-12-14,600071,13:01:51,1,21.41,1,2141
2015-12-14,600071,13:01:46,2,21.42,3,6426
2015-12-14,600071,13:01:41,1,21.41,13,27833
2015-12-14,600071,13:01:16,2,21.42,10,21420
2015-12-14,600071,13:00:56,1,21.41,1,2141
2015-12-14,600071,13:00:26,2,21.42,1,2142
2015-12-14,600071,13:00:21,2,21.42,5,10710
2015-12-14,600071,13:00:11,1,21.43,21,45003
2015-12-14,600071,13:00:06,2,21.43,33,70719
2015-12-14,600071,11:29:40,0,21.43,1,2143
2015-12-14,600071,11:29:05,0,21.42,1,2142
2015-12-14,600071,11:28:09,0,21.45,12,25740
2015-12-14,600071,11:27:24,1,21.41,50,107050
2015-12-14,600071,11:27:14,2,21.45,10,21450
2015-12-14,600071,11:26:59,0,21.43,10,21430
2015-12-14,600071,11:26:09,1,21.43,1,2143
2015-12-14,600071,11:25:49,0,21.53,10,21530
2015-12-14,600071,11:25:24,1,21.41,5,10705
2015-12-14,600071,11:25:04,1,21.41,23,49243
2015-12-14,600071,11:24:04,1,21.41,6,12846
2015-12-14,600071,11:23:44,2,21.41,48,102768
2015-12-14,600071,11:23:39,2,21.41,10,21410
2015-12-14,600071,11:23:29,2,21.41,15,32115
2015-12-14,600071,11:23:14,1,21.41,128,274048
2015-12-14,600071,11:22:03,1,21.44,6,12864
2015-12-14,600071,11:21:58,0,21.46,10,21460
2015-12-14,600071,11:20:13,1,21.58,4,10768
2015-12-14,600071,11:20:03,1,21.58,9,19422
2015-12-14,600071,11:19:58,1,21.58,20,43160
2015-12-14,600071,11:19:33,2,21.6,2,4320
2015-12-14,600071,11:19:28,1,21.58,10,21580
2015-12-14,600071,11:18:58,2,21.58,466,1005649
2015-12-14,600071,11:18:53,1,21.4,12,25680
2015-12-14,600071,11:18:23,1,21.4,376,804939
2015-12-14,600071,11:17:08,2,21.44,2,4288
2015-12-14,600071,11:16:53,2,21.44,2,4288
2015-12-14,600071,11:16:48,1,21.43,2,4286
2015-12-14,600071,11:16:43,1,21.44,8,17152
2015-12-14,600071,11:16:18,1,21.44,5,10720
2015-12-14,600071,11:16:13,2,21.51,36,77436
2015-12-14,600071,11:15:58,2,21.44,12,25728
2015-12-14,600071,11:15:53,1,21.43,2,4286
2015-12-14,600071,11:15:48,2,21.44,15,32160
2015-12-14,600071,11:15:38,1,21.44,56,120064
2015-12-14,600071,11:15:23,2,21.45,1,2145
2015-12-14,600071,11:15:03,1,21.45,12,25740
2015-12-14,600071,11:14:48,1,21.49,1,2149
2015-12-14,600071,11:14:38,2,21.49,11,23639
2015-12-14,600071,11:14:08,2,21.49,21,45129
2015-12-14,600071,11:13:43,1,21.44,1,2144
2015-12-14,600071,11:13:33,2,21.44,3,6432
2015-12-14,600071,11:13:23,2,21.44,1,2144
2015-12-14,600071,11:13:18,1,21.44,4,8576
2015-12-14,600071,11:12:53,2,21.49,5,10745
2015-12-14,600071,11:12:48,1,21.44,8,17152
2015-12-14,600071,11:12:38,1,21.44,200,428800
2015-12-14,600071,11:12:28,2,21.49,32,68768
2015-12-14,600071,11:11:53,2,21.49,33,70917
2015-12-14,600071,11:11:38,0,21.46,28,60088
2015-12-14,600071,11:10:48,1,21.45,1,2145
2015-12-14,600071,11:10:18,2,21.49,1,2149
2015-12-14,600071,11:10:08,2,21.45,3,6435
2015-12-14,600071,11:10:03,1,21.45,21,45045
2015-12-14,600071,11:09:38,1,21.45,4,8580
2015-12-14,600071,11:09:12,1,21.45,22,47190
2015-12-14,600071,11:08:52,1,21.45,4,8580
2015-12-14,600071,11:08:32,1,21.45,7,15015
2015-12-14,600071,11:08:07,0,21.45,8,17160
2015-12-14,600071,11:07:52,1,21.45,3,6435
2015-12-14,600071,11:07:32,0,21.44,27,57888
2015-12-14,600071,11:07:07,1,21.45,181,388245
2015-12-14,600071,11:06:52,1,21.49,1,2149
2015-12-14,600071,11:06:32,1,21.49,8,17192
2015-12-14,600071,11:05:47,2,21.49,15,32234
2015-12-14,600071,11:05:22,1,21.49,5,10745
2015-12-14,600071,11:05:02,1,21.49,8,19319
2015-12-14,600071,11:04:57,2,21.51,1,2151
2015-12-14,600071,11:04:42,1,21.5,3,6450
2015-12-14,600071,11:04:32,2,21.51,3,6453
2015-12-14,600071,11:04:27,1,21.5,5,10750
2015-12-14,600071,11:04:12,2,21.51,63,135513
2015-12-14,600071,11:04:07,2,21.51,2,4302
2015-12-14,600071,11:03:12,1,21.51,9,19359
2015-12-14,600071,11:02:57,1,21.51,8,17208
2015-12-14,600071,11:02:52,1,21.51,1,2151
2015-12-14,600071,11:02:47,1,21.51,1,2151
2015-12-14,600071,11:02:27,1,21.51,8,17208
2015-12-14,600071,11:02:07,2,21.52,10,21520
2015-12-14,600071,11:01:57,1,21.51,13,27963
2015-12-14,600071,11:01:37,1,21.51,8,17208
2015-12-14,600071,11:00:52,1,21.51,2,4302
2015-12-14,600071,11:00:47,2,21.52,1,2152
2015-12-14,600071,11:00:22,1,21.52,24,51648
2015-12-14,600071,11:00:02,1,21.52,16,34432
2015-12-14,600071,10:59:32,1,21.52,5,10760
2015-12-14,600071,10:59:22,2,21.53,10,21530
2015-12-14,600071,10:58:47,1,21.52,1,2152
2015-12-14,600071,10:58:37,1,21.53,11,23683
2015-12-14,600071,10:58:02,1,21.53,3,6459
2015-12-14,600071,10:57:27,1,21.54,6,12924
2015-12-14,600071,10:56:32,1,21.54,8,17232
2015-12-14,600071,10:55:56,1,21.54,1,2154
2015-12-14,600071,10:55:06,2,21.54,1,2154
2015-12-14,600071,10:55:01,1,21.53,17,36601
2015-12-14,600071,10:54:46,0,21.54,2,4308
2015-12-14,600071,10:53:21,2,21.56,10,21560
2015-12-14,600071,10:53:11,1,21.53,7,15071
2015-12-14,600071,10:53:01,1,21.53,40,86120
2015-12-14,600071,10:52:56,1,21.53,1,2153
2015-12-14,600071,10:51:36,1,21.53,8,17224
2015-12-14,600071,10:50:46,2,21.54,5,10770
2015-12-14,600071,10:50:01,1,21.52,20,43040
2015-12-14,600071,10:49:56,1,21.57,4,8628
2015-12-14,600071,10:49:51,2,21.57,10,21570
2015-12-14,600071,10:49:46,1,21.56,4,8624
2015-12-14,600071,10:49:31,2,21.56,10,21560
2015-12-14,600071,10:48:11,1,21.54,8,17232
2015-12-14,600071,10:47:56,1,21.54,1,2154
2015-12-14,600071,10:47:31,1,21.56,6,12936
2015-12-14,600071,10:47:11,2,21.56,5,10780
2015-12-14,600071,10:46:56,2,21.56,10,21560
2015-12-14,600071,10:46:36,1,21.54,8,17232
2015-12-14,600071,10:46:26,2,21.56,3,6468
2015-12-14,600071,10:45:56,1,21.54,1,2154
2015-12-14,600071,10:45:11,2,21.56,2,4312
2015-12-14,600071,10:45:01,1,21.54,25,53850
2015-12-14,600071,10:44:46,1,21.54,3,6462
2015-12-14,600071,10:44:36,2,21.54,5,10770
2015-12-14,600071,10:43:56,2,21.52,2,4304
2015-12-14,600071,10:43:51,2,21.52,3,6456
2015-12-14,600071,10:43:11,1,21.51,3,6453
2015-12-14,600071,10:42:10,2,21.52,7,15064
2015-12-14,600071,10:41:55,2,21.52,5,10760
2015-12-14,600071,10:41:35,1,21.5,8,17200
2015-12-14,600071,10:41:10,1,21.5,1,2150
2015-12-14,600071,10:40:20,1,21.5,2,4300
2015-12-14,600071,10:40:10,2,21.52,3,6456
2015-12-14,600071,10:40:00,1,21.51,9,19359
2015-12-14,600071,10:39:45,1,21.52,10,21520
2015-12-14,600071,10:39:35,1,21.52,3,6456
2015-12-14,600071,10:39:15,2,21.52,2,4304
2015-12-14,600071,10:39:00,0,21.51,2,4302
2015-12-14,600071,10:38:45,1,21.52,18,38736
2015-12-14,600071,10:38:35,2,21.52,2,4304
2015-12-14,600071,10:38:10,2,21.52,3,6456
2015-12-14,600071,10:38:05,1,21.5,25,53771
2015-12-14,600071,10:37:50,1,21.5,30,64500
2015-12-14,600071,10:37:30,1,21.5,3,6450
2015-12-14,600071,10:37:25,1,21.5,65,139750
2015-12-14,600071,10:37:10,1,21.52,7,15064
2015-12-14,600071,10:36:55,1,21.53,48,103344
2015-12-14,600071,10:36:35,1,21.53,3,6459
2015-12-14,600071,10:36:20,1,21.54,5,10770
2015-12-14,600071,10:35:10,1,21.54,1,2154
2015-12-14,600071,10:35:05,1,21.54,18,38772
2015-12-14,600071,10:34:10,1,21.55,20,43100
2015-12-14,600071,10:33:45,1,21.55,10,21550
2015-12-14,600071,10:33:35,1,21.55,2,4310
2015-12-14,600071,10:33:05,1,21.55,3,6465
2015-12-14,600071,10:32:55,0,21.55,10,21550
2015-12-14,600071,10:32:25,1,21.54,8,17232
2015-12-14,600071,10:32:00,1,21.54,3,6462
2015-12-14,600071,10:31:35,2,21.58,50,107899
2015-12-14,600071,10:31:30,1,21.54,10,21540
2015-12-14,600071,10:31:25,2,21.58,50,107899
2015-12-14,600071,10:31:00,1,21.54,1,2154
2015-12-14,600071,10:30:40,2,21.54,10,21540
2015-12-14,600071,10:30:35,2,21.54,5,10770
2015-12-14,600071,10:30:25,2,21.54,10,21540
2015-12-14,600071,10:30:05,1,21.53,13,27989
2015-12-14,600071,10:30:00,0,21.54,1,2154
2015-12-14,600071,10:28:59,1,21.53,20,43060
2015-12-14,600071,10:28:54,1,21.53,11,23683
2015-12-14,600071,10:28:39,2,21.58,17,36686
2015-12-14,600071,10:28:29,2,21.58,21,45318
2015-12-14,600071,10:27:59,1,21.53,2,4306
2015-12-14,600071,10:27:54,2,21.53,3,6459
2015-12-14,600071,10:27:44,1,21.52,10,21520
2015-12-14,600071,10:27:29,2,21.53,2,4306
2015-12-14,600071,10:27:14,1,21.52,7,15064
2015-12-14,600071,10:27:09,2,21.57,14,30198
2015-12-14,600071,10:27:04,0,21.53,7,15071
2015-12-14,600071,10:26:34,2,21.57,34,73338
2015-12-14,600071,10:26:24,1,21.56,10,21560
2015-12-14,600071,10:26:19,1,21.56,4,8624
2015-12-14,600071,10:26:09,2,21.57,12,25884
2015-12-14,600071,10:26:04,1,21.56,5,10780
2015-12-14,600071,10:25:59,1,21.56,2,4312
2015-12-14,600071,10:25:44,2,21.56,7,15092
2015-12-14,600071,10:25:34,2,21.57,49,105693
2015-12-14,600071,10:25:29,1,21.55,10,21550
2015-12-14,600071,10:25:04,0,21.52,18,38736
2015-12-14,600071,10:24:59,1,21.52,4,8608
2015-12-14,600071,10:24:49,0,21.57,9,19413
2015-12-14,600071,10:24:34,2,21.58,18,38844
2015-12-14,600071,10:24:29,1,21.54,7,15078
2015-12-14,600071,10:24:24,2,21.58,11,23737
2015-12-14,600071,10:24:19,1,21.54,33,71082
2015-12-14,600071,10:24:09,0,21.54,10,21540
2015-12-14,600071,10:23:59,1,21.5,20,43000
2015-12-14,600071,10:23:49,1,21.5,4,8600
2015-12-14,600071,10:23:04,1,21.54,1,4286
2015-12-14,600071,10:22:54,1,21.54,8,17232
2015-12-14,600071,10:22:44,2,21.54,41,88335
2015-12-14,600071,10:22:34,1,21.5,195,421378
2015-12-14,600071,10:22:09,1,21.53,10,21530
2015-12-14,600071,10:21:59,1,21.53,7,15071
2015-12-14,600071,10:21:19,1,21.53,4,8612
2015-12-14,600071,10:21:09,1,21.54,43,92622
2015-12-14,600071,10:21:04,1,21.54,1,2154
2015-12-14,600071,10:20:14,1,21.54,1,2154
2015-12-14,600071,10:20:04,1,21.54,11,23694
2015-12-14,600071,10:19:24,1,21.54,10,21540
2015-12-14,600071,10:18:54,0,21.54,4,8616
2015-12-14,600071,10:18:14,1,21.53,5,10765
2015-12-14,600071,10:18:04,1,21.53,3,6459
2015-12-14,600071,10:17:59,1,21.53,1,2153
2015-12-14,600071,10:17:34,1,21.53,100,215300
2015-12-14,600071,10:17:09,1,21.58,6,12947
2015-12-14,600071,10:17:04,1,21.59,1,2159
2015-12-14,600071,10:16:19,1,21.6,9,19440
2015-12-14,600071,10:15:49,2,21.62,3,6486
2015-12-14,600071,10:15:28,2,21.6,4,8640
2015-12-14,600071,10:15:13,2,21.6,1,2160
2015-12-14,600071,10:15:08,1,21.59,1,2159
2015-12-14,600071,10:15:03,1,21.59,15,32385
2015-12-14,600071,10:14:38,1,21.6,5,10800
2015-12-14,600071,10:14:08,1,21.6,1,2160
2015-12-14,600071,10:13:53,2,21.6,3,6480
2015-12-14,600071,10:13:28,1,21.59,58,125222
2015-12-14,600071,10:13:08,1,21.59,1,2159
2015-12-14,600071,10:12:48,2,21.6,5,10800
2015-12-14,600071,10:12:38,1,21.59,10,21590
2015-12-14,600071,10:12:19,1,21.59,8,17272
2015-12-14,600071,10:12:09,1,21.59,1,2159
2015-12-14,600071,10:11:59,0,21.59,10,21590
2015-12-14,600071,10:11:14,1,21.58,8,17264
2015-12-14,600071,10:11:04,1,21.58,6,12947
2015-12-14,600071,10:10:59,2,21.58,4,8632
2015-12-14,600071,10:10:54,2,21.58,15,32369
2015-12-14,600071,10:10:04,1,21.54,13,28002
2015-12-14,600071,10:09:09,1,21.57,1,2157
2015-12-14,600071,10:08:24,2,21.6,5,10800
2015-12-14,600071,10:08:19,0,21.58,10,21580
2015-12-14,600071,10:07:59,2,21.58,5,10790
2015-12-14,600071,10:07:24,2,21.57,5,10785
2015-12-14,600071,10:07:19,2,21.54,5,10770
2015-12-14,600071,10:07:14,1,21.53,4,8612
2015-12-14,600071,10:06:54,1,21.53,11,23683
2015-12-14,600071,10:06:14,1,21.53,2,4306
2015-12-14,600071,10:06:09,0,21.53,18,38775
2015-12-14,600071,10:05:39,1,21.52,1,2152
2015-12-14,600071,10:05:19,1,21.53,10,21530
2015-12-14,600071,10:05:14,1,21.53,28,60284
2015-12-14,600071,10:05:04,1,21.53,21,45213
2015-12-14,600071,10:04:48,2,21.54,2,4308
2015-12-14,600071,10:04:38,0,21.54,5,10770
2015-12-14,600071,10:04:18,2,21.55,30,64650
2015-12-14,600071,10:03:53,1,21.55,1,4288
2015-12-14,600071,10:03:43,1,21.55,10,21550
2015-12-14,600071,10:03:23,1,21.55,3,6465
2015-12-14,600071,10:03:18,1,21.58,3,6473
2015-12-14,600071,10:03:03,1,21.58,2,4316
2015-12-14,600071,10:02:48,2,21.6,4,8640
2015-12-14,600071,10:02:23,2,21.58,134,289172
2015-12-14,600071,10:02:18,1,21.57,3,6471
2015-12-14,600071,10:02:12,1,21.58,30,64739
2015-12-14,600071,10:01:57,1,21.6,83,179280
2015-12-14,600071,10:01:52,1,21.6,4,8640
2015-12-14,600071,10:01:32,1,21.65,7,15154
2015-12-14,600071,10:01:12,2,21.65,31,67115
2015-12-14,600071,10:01:07,1,21.63,20,43260
2015-12-14,600071,10:01:02,1,21.63,20,43260
2015-12-14,600071,10:00:52,0,21.65,4,8660
2015-12-14,600071,10:00:02,1,21.63,19,41097
2015-12-14,600071,09:59:22,1,21.63,50,108150
2015-12-14,600071,09:59:02,2,21.63,2,4326
2015-12-14,600071,09:58:17,2,21.63,4,8652
2015-12-14,600071,09:58:12,1,21.6,10,21600
2015-12-14,600071,09:57:07,1,21.6,4,8640
2015-12-14,600071,09:56:47,1,21.6,11,23760
2015-12-14,600071,09:56:27,2,21.68,5,10840
2015-12-14,600071,09:56:07,0,21.61,10,21610
2015-12-14,600071,09:55:32,2,21.68,6,13008
2015-12-14,600071,09:55:22,0,21.6,10,21600
2015-12-14,600071,09:55:02,1,21.58,21,45318
2015-12-14,600071,09:54:52,2,21.6,1,2160
2015-12-14,600071,09:54:47,1,21.58,3,6473
2015-12-14,600071,09:54:42,1,21.57,5,10785
2015-12-14,600071,09:54:32,2,21.58,2,4337
2015-12-14,600071,09:54:17,2,21.57,11,23727
2015-12-14,600071,09:53:57,2,21.55,8,17240
2015-12-14,600071,09:53:52,1,21.55,2,4310
2015-12-14,600071,09:53:47,1,21.55,8,17240
2015-12-14,600071,09:53:12,1,21.55,8,17240
2015-12-14,600071,09:52:52,1,21.55,8,17240
2015-12-14,600071,09:52:22,1,21.55,1,2155
2015-12-14,600071,09:51:57,1,21.56,10,21560
2015-12-14,600071,09:51:37,1,21.56,8,17248
2015-12-14,600071,09:51:22,1,21.56,14,30184
2015-12-14,600071,09:51:02,1,21.56,8,17248
2015-12-14,600071,09:50:52,1,21.56,21,45276
2015-12-14,600071,09:50:32,1,21.56,18,38808
2015-12-14,600071,09:50:12,1,21.57,10,21570
2015-12-14,600071,09:50:07,1,21.57,10,21570
2015-12-14,600071,09:50:02,1,21.57,16,34512
2015-12-14,600071,09:49:32,1,21.57,8,17256
2015-12-14,600071,09:48:52,1,21.58,9,21558
2015-12-14,600071,09:48:37,2,21.59,5,10795
2015-12-14,600071,09:48:27,1,21.58,3,6473
2015-12-14,600071,09:48:22,2,21.59,8,17272
2015-12-14,600071,09:48:07,1,21.58,8,17264
2015-12-14,600071,09:47:52,2,21.59,7,15113
2015-12-14,600071,09:47:37,1,21.58,24,51791
2015-12-14,600071,09:47:17,1,21.58,8,17264
2015-12-14,600071,09:47:02,2,21.6,5,10800
2015-12-14,600071,09:46:37,2,21.6,7,15120
2015-12-14,600071,09:46:32,1,21.58,16,34528
2015-12-14,600071,09:46:17,1,21.58,13,28053
2015-12-14,600071,09:46:07,2,21.58,4,8653
2015-12-14,600071,09:45:47,1,21.58,5,10790
2015-12-14,600071,09:45:02,1,21.58,8,17264
2015-12-14,600071,09:44:42,1,21.61,13,28093
2015-12-14,600071,09:43:52,1,21.61,40,86440
2015-12-14,600071,09:43:42,0,21.63,8,17304
2015-12-14,600071,09:43:22,2,21.61,6,12966
2015-12-14,600071,09:43:07,1,21.58,8,17264
2015-12-14,600071,09:42:47,1,21.69,6,13014
2015-12-14,600071,09:42:37,1,21.69,12,26028
2015-12-14,600071,09:42:17,1,21.69,20,43380
2015-12-14,600071,09:42:07,1,21.7,13,28210
2015-12-14,600071,09:41:52,2,21.7,285,618450
2015-12-14,600071,09:41:42,0,21.57,8,17256
2015-12-14,600071,09:41:12,2,21.7,20,43400
2015-12-14,600071,09:41:02,1,21.55,13,28015
2015-12-14,600071,09:40:52,1,21.55,40,86200
2015-12-14,600071,09:40:27,2,21.7,107,232190
2015-12-14,600071,09:40:07,1,21.53,26,55978
2015-12-14,600071,09:39:52,1,21.55,128,275840
2015-12-14,600071,09:39:32,2,21.55,28,60340
2015-12-14,600071,09:39:22,2,21.55,10,21550
2015-12-14,600071,09:39:07,2,21.53,20,43060
2015-12-14,600071,09:38:32,2,21.52,16,34432
2015-12-14,600071,09:38:12,2,21.51,4,8604
2015-12-14,600071,09:37:57,2,21.53,20,43060
2015-12-14,600071,09:37:47,2,21.52,2,4304
2015-12-14,600071,09:37:42,1,21.51,8,17208
2015-12-14,600071,09:37:12,1,21.53,40,86120
2015-12-14,600071,09:36:52,1,21.53,10,21530
2015-12-14,600071,09:36:37,2,21.55,1,2155
2015-12-14,600071,09:36:16,1,21.55,156,336180
2015-12-14,600071,09:35:56,1,21.56,12,25872
2015-12-14,600071,09:35:51,0,21.66,2,4332
2015-12-14,600071,09:35:21,2,21.67,5,10835
2015-12-14,600071,09:35:01,1,21.55,58,124990
2015-12-14,600071,09:34:46,1,21.55,4,8620
2015-12-14,600071,09:34:21,1,21.55,2,4310
2015-12-14,600071,09:34:06,2,21.55,54,116370
2015-12-14,600071,09:34:01,2,21.55,2,4310
2015-12-14,600071,09:33:41,1,21.55,35,75425
2015-12-14,600071,09:33:11,2,21.55,2,4310
2015-12-14,600071,09:33:06,2,21.55,2,4310
2015-12-14,600071,09:32:56,0,21.53,11,23683
2015-12-14,600071,09:32:36,1,21.52,3,6456
2015-12-14,600071,09:32:16,2,21.52,54,116208
2015-12-14,600071,09:31:46,1,21.51,13,27963
2015-12-14,600071,09:31:31,1,21.51,10,21510
2015-12-14,600071,09:31:16,1,21.51,8,17208
2015-12-14,600071,09:31:01,0,21.68,6,13008
2015-12-14,600071,09:30:46,1,21.5,10,21500
2015-12-14,600071,09:30:41,2,21.7,1,2170
2015-12-14,600071,09:30:16,2,21.76,66,143616
2015-12-14,600071,09:25:11,2,21.7,8,17360
2015-12-11,600071,15:00:03,1,21.75,0,0
2015-12-11,600071,14:59:38,1,21.76,2,4352
2015-12-11,600071,14:59:33,2,21.76,8,17408
2015-12-11,600071,14:59:28,1,21.74,26,56523
2015-12-11,600071,14:59:23,2,21.76,2,4352
2015-12-11,600071,14:59:13,2,21.76,55,119680
2015-12-11,600071,14:58:57,2,21.76,5,10880
2015-12-11,600071,14:58:52,2,21.76,2,4352
2015-12-11,600071,14:58:42,2,21.75,8,17400
2015-12-11,600071,14:58:22,1,21.75,18,39150
2015-12-11,600071,14:57:57,2,21.76,10,21760
2015-12-11,600071,14:57:32,0,21.75,2,4350
2015-12-11,600071,14:57:12,2,21.76,35,76160
2015-12-11,600071,14:57:07,2,21.76,22,47872
2015-12-11,600071,14:56:52,2,21.76,3,6528
2015-12-11,600071,14:56:37,2,21.76,4,8704
2015-12-11,600071,14:56:22,1,21.76,63,137088
2015-12-11,600071,14:56:12,2,21.8,8,17440
2015-12-11,600071,14:55:42,2,21.8,13,28340
2015-12-11,600071,14:55:27,2,21.8,10,21800
2015-12-11,600071,14:55:02,2,21.8,5,10900
2015-12-11,600071,14:54:47,2,21.8,10,21800
2015-12-11,600071,14:54:21,2,21.8,7,15260
2015-12-11,600071,14:52:41,2,21.8,15,32700
2015-12-11,600071,14:51:56,2,21.8,40,87200
2015-12-11,600071,14:51:31,2,21.8,3,6540
2015-12-11,600071,14:51:26,2,21.8,10,21800
2015-12-11,600071,14:51:16,1,21.8,7,15260
2015-12-11,600071,14:51:01,0,21.85,1,2185
2015-12-11,600071,14:50:46,1,21.8,10,21800
2015-12-11,600071,14:50:41,2,21.85,1,2185
2015-12-11,600071,14:50:11,2,21.85,6,13110
2015-12-11,600071,14:49:15,2,21.7,7,16166
2015-12-11,600071,14:49:05,1,21.7,48,104160
2015-12-11,600071,14:49:00,2,21.8,138,300840
2015-12-11,600071,14:48:45,2,21.8,1,2180
2015-12-11,600071,14:48:40,1,21.8,321,701742
2015-12-11,600071,14:48:35,1,21.8,26,56680
2015-12-11,600071,14:48:30,1,21.81,30,65429
2015-12-11,600071,14:48:25,1,21.81,30,65429
2015-12-11,600071,14:48:07,1,21.81,20,43620
2015-12-11,600071,14:47:57,1,21.83,10,21830
2015-12-11,600071,14:47:52,2,21.85,15,32775
2015-12-11,600071,14:47:37,1,21.85,10,21850
2015-12-11,600071,14:47:30,2,21.86,3,6558
2015-12-11,600071,14:47:20,1,21.86,4,8744
2015-12-11,600071,14:46:50,0,21.88,9,19692
2015-12-11,600071,14:46:15,0,21.89,10,21890
2015-12-11,600071,14:45:55,2,21.9,6,13140
2015-12-11,600071,14:45:30,2,21.89,5,10945
2015-12-11,600071,14:44:54,1,21.89,1,2189
2015-12-11,600071,14:44:14,2,21.89,19,41591
2015-12-11,600071,14:43:59,0,21.89,11,24079
2015-12-11,600071,14:42:49,1,21.89,22,48158
2015-12-11,600071,14:42:19,2,21.89,28,61292
2015-12-11,600071,14:40:59,2,21.89,1,2189
2015-12-11,600071,14:40:44,2,21.89,10,21890
2015-12-11,600071,14:40:18,1,21.86,2,4372
2015-12-11,600071,14:40:08,1,21.89,1,2189
2015-12-11,600071,14:39:58,1,21.89,20,43780
2015-12-11,600071,14:39:28,2,21.89,3,6567
2015-12-11,600071,14:38:58,2,21.89,7,15323
2015-12-11,600071,14:38:53,1,21.86,10,21860
2015-12-11,600071,14:37:18,1,21.86,10,21860
2015-12-11,600071,14:37:08,2,21.9,265,580350
2015-12-11,600071,14:36:58,1,21.87,12,26244
2015-12-11,600071,14:36:33,1,21.9,36,78840
2015-12-11,600071,14:35:57,2,21.95,10,21950
2015-12-11,600071,14:35:27,1,21.9,3,6570
2015-12-11,600071,14:35:17,2,21.9,114,249659
2015-12-11,600071,14:35:02,2,21.9,23,50370
2015-12-11,600071,14:34:47,1,21.9,2,4380
2015-12-11,600071,14:34:07,0,21.9,14,30659
2015-12-11,600071,14:32:42,2,21.9,155,339450
2015-12-11,600071,14:32:37,1,21.81,11,23991
2015-12-11,600071,14:31:11,1,21.81,10,21810
2015-12-11,600071,14:31:01,1,21.81,8,17448
2015-12-11,600071,14:30:41,1,21.81,30,65429
2015-12-11,600071,14:30:11,1,21.81,23,50163
2015-12-11,600071,14:29:56,1,21.81,1,2181
2015-12-11,600071,14:29:21,1,21.81,10,21810
2015-12-11,600071,14:29:16,0,21.81,4,8724
2015-12-11,600071,14:28:26,1,21.8,66,143880
2015-12-11,600071,14:28:21,2,21.88,40,87520
2015-12-11,600071,14:28:16,1,21.8,20,43600
2015-12-11,600071,14:26:15,1,21.81,4,8724
2015-12-11,600071,14:26:10,1,21.81,5,10905
2015-12-11,600071,14:26:05,1,21.81,2,4362
2015-12-11,600071,14:25:00,0,21.81,5,10905
2015-12-11,600071,14:24:15,2,21.85,15,32775
2015-12-11,600071,14:24:05,1,21.84,10,21840
2015-12-11,600071,14:24:00,1,21.84,2,4368
2015-12-11,600071,14:23:30,1,21.85,32,69920
2015-12-11,600071,14:23:15,1,21.86,10,21860
2015-12-11,600071,14:22:55,1,21.9,661,1447874
2015-12-11,600071,14:22:45,1,21.9,96,210240
2015-12-11,600071,14:22:35,1,21.9,55,120449
2015-12-11,600071,14:22:25,1,21.91,10,21910
2015-12-11,600071,14:22:15,1,21.9,409,895710
2015-12-11,600071,14:21:44,1,21.9,172,376680
2015-12-11,600071,14:21:34,1,21.92,48,105216
2015-12-11,600071,14:20:59,2,21.96,3,6588
2015-12-11,600071,14:18:19,1,21.92,100,219200
2015-12-11,600071,14:18:14,1,21.93,58,127194
2015-12-11,600071,14:15:58,1,21.93,10,21930
2015-12-11,600071,14:15:43,1,21.92,30,65760
2015-12-11,600071,14:15:33,2,21.95,1,2195
2015-12-11,600071,14:15:23,1,21.92,100,219200
2015-12-11,600071,14:15:03,1,21.96,13,28548
2015-12-11,600071,14:14:58,1,21.96,20,43920
2015-12-11,600071,14:14:53,1,21.96,20,43920
2015-12-11,600071,14:14:28,1,21.96,1,2196
2015-12-11,600071,14:14:23,2,21.97,5,10985
2015-12-11,600071,14:14:08,2,21.97,50,109850
2015-12-11,600071,14:13:23,2,21.97,24,52728
2015-12-11,600071,14:13:18,1,21.96,4,8784
2015-12-11,600071,14:12:48,2,21.97,1,2197
2015-12-11,600071,14:12:12,1,21.97,4,8788
2015-12-11,600071,14:11:37,1,21.97,20,43940
2015-12-11,600071,14:11:02,1,21.98,6,13188
2015-12-11,600071,14:10:47,0,22.0,20,44000
2015-12-11,600071,14:10:22,1,21.98,15,32970
2015-12-11,600071,14:09:57,1,22.0,60,132000
2015-12-11,600071,14:09:47,1,22.0,2,4400
2015-12-11,600071,14:09:42,2,22.04,1,2204
2015-12-11,600071,14:08:07,1,22.0,50,110000
2015-12-11,600071,14:07:31,1,22.0,80,176000
2015-12-11,600071,14:07:26,1,22.02,5,11010
2015-12-11,600071,14:06:46,1,22.04,10,22040
2015-12-11,600071,14:06:36,2,22.07,10,22070
2015-12-11,600071,14:06:21,2,22.07,2,4414
2015-12-11,600071,14:06:16,2,22.07,28,61796
2015-12-11,600071,14:05:51,2,22.04,5,11020
2015-12-11,600071,14:05:26,2,22.04,1,2204
2015-12-11,600071,14:05:01,2,22.02,20,44040
2015-12-11,600071,14:04:46,2,22.01,19,41819
2015-12-11,600071,14:03:51,2,22.0,1,2200
2015-12-11,600071,14:02:30,2,22.0,20,44000
2015-12-11,600071,14:02:25,2,22.0,67,147400
2015-12-11,600071,14:01:40,2,22.0,4,8800
2015-12-11,600071,14:01:25,1,21.97,120,263640
2015-12-11,600071,14:00:50,2,22.0,10,22000
2015-12-11,600071,14:00:35,1,21.98,20,43960
2015-12-11,600071,14:00:20,1,21.98,10,21980
2015-12-11,600071,14:00:05,0,21.99,1,2199
2015-12-11,600071,13:59:30,2,22.0,1,2200
2015-12-11,600071,13:59:05,2,21.98,15,32970
2015-12-11,600071,13:58:50,1,21.98,5,10990
2015-12-11,600071,13:58:34,2,21.98,15,32970
2015-12-11,600071,13:57:44,2,21.98,3,6594
2015-12-11,600071,13:57:09,2,21.98,8,17584
2015-12-11,600071,13:56:59,1,21.97,20,43940
2015-12-11,600071,13:55:44,1,21.98,4,8792
2015-12-11,600071,13:55:17,1,21.98,17,37366
2015-12-11,600071,13:54:22,2,22.0,7,15400
2015-12-11,600071,13:54:07,2,22.0,6,13200
2015-12-11,600071,13:53:36,1,21.98,6,13188
2015-12-11,600071,13:53:21,0,21.98,4,8792
2015-12-11,600071,13:50:38,2,21.97,15,32955
2015-12-11,600071,13:50:28,2,21.97,5,10985
2015-12-11,600071,13:49:28,1,21.96,10,21960
2015-12-11,600071,13:49:02,2,21.97,50,109850
2015-12-11,600071,13:48:37,2,21.97,9,19773
2015-12-11,600071,13:48:17,2,21.97,3,6591
2015-12-11,600071,13:47:57,2,21.97,1,2197
2015-12-11,600071,13:47:52,2,21.97,6,13182
2015-12-11,600071,13:47:42,2,21.97,37,81289
2015-12-11,600071,13:47:27,2,21.97,20,43940
2015-12-11,600071,13:47:22,0,21.97,2,4394
2015-12-11,600071,13:46:12,2,22.0,20,44000
2015-12-11,600071,13:45:57,2,22.0,1,2200
2015-12-11,600071,13:45:42,1,22.0,8,17600
2015-12-11,600071,13:45:27,1,22.01,2,4402
2015-12-11,600071,13:45:22,2,22.02,2,4404
2015-12-11,600071,13:44:32,2,22.02,5,11010
2015-12-11,600071,13:44:27,2,22.02,2,4404
2015-12-11,600071,13:44:22,1,22.0,10,22000
2015-12-11,600071,13:44:01,2,22.0,13,28600
2015-12-11,600071,13:43:31,1,21.96,5,10980
2015-12-11,600071,13:43:16,1,21.96,31,68076
2015-12-11,600071,13:43:11,1,21.96,5,10980
2015-12-11,600071,13:42:21,1,21.96,17,37332
2015-12-11,600071,13:41:56,2,22.01,10,22010
2015-12-11,600071,13:41:46,1,21.96,4,8784
2015-12-11,600071,13:40:01,2,22.04,4,8816
2015-12-11,600071,13:39:10,2,21.96,2,4392
2015-12-11,600071,13:35:00,1,21.96,23,50508
2015-12-11,600071,13:34:55,2,21.98,1,2198
2015-12-11,600071,13:34:24,1,21.96,1,2196
2015-12-11,600071,13:34:09,1,21.96,10,21960
2015-12-11,600071,13:32:54,1,21.96,7,15372
2015-12-11,600071,13:32:44,2,21.98,10,21980
2015-12-11,600071,13:31:54,1,21.96,4,8784
2015-12-11,600071,13:31:44,2,21.98,1,2198
2015-12-11,600071,13:31:04,2,21.98,48,105504
2015-12-11,600071,13:30:59,2,21.96,4,8784
2015-12-11,600071,13:29:53,2,21.96,1,2196
2015-12-11,600071,13:28:18,2,21.95,2,4390
2015-12-11,600071,13:28:13,2,21.95,8,17560
2015-12-11,600071,13:27:48,1,21.91,6,13146
2015-12-11,600071,13:27:38,1,21.91,10,21910
2015-12-11,600071,13:27:18,1,21.91,12,26292
2015-12-11,600071,13:24:47,1,21.91,48,105168
2015-12-11,600071,13:24:17,1,21.92,7,15344
2015-12-11,600071,13:23:22,1,21.92,20,43840
2015-12-11,600071,13:22:17,1,21.92,1,2192
2015-12-11,600071,13:20:47,2,21.97,5,10985
2015-12-11,600071,13:20:21,2,21.97,1,2197
2015-12-11,600071,13:19:46,2,21.97,2,4394
2015-12-11,600071,13:18:56,2,21.97,20,43940
2015-12-11,600071,13:18:36,1,21.92,8,17536
2015-12-11,600071,13:18:11,1,21.91,10,21910
2015-12-11,600071,13:18:01,1,21.91,7,15337
2015-12-11,600071,13:14:30,1,21.91,1,2191
2015-12-11,600071,13:12:40,2,21.98,8,17584
2015-12-11,600071,13:11:15,2,21.98,14,30772
2015-12-11,600071,13:09:29,2,21.98,10,21980
2015-12-11,600071,13:06:39,1,21.91,50,109550
2015-12-11,600071,13:05:43,2,21.98,20,43960
2015-12-11,600071,13:05:08,2,21.97,20,43940
2015-12-11,600071,13:04:23,0,21.95,10,21950
2015-12-11,600071,13:02:08,1,21.96,8,17568
2015-12-11,600071,13:01:48,2,21.96,5,10980
2015-12-11,600071,13:01:23,1,21.93,1,2193
2015-12-11,600071,13:00:07,2,21.97,38,85661
2015-12-11,600071,11:29:42,1,21.96,9,19785
2015-12-11,600071,11:29:27,0,21.96,20,43920
2015-12-11,600071,11:28:37,1,21.92,5,10960
2015-12-11,600071,11:28:37,2,21.96,2,4413
2015-12-11,600071,11:25:27,2,21.96,10,21960
2015-12-11,600071,11:25:07,2,21.92,4,8768
2015-12-11,600071,11:24:47,1,21.91,9,19719
2015-12-11,600071,11:24:02,1,21.91,26,56966
2015-12-11,600071,11:23:12,1,21.92,10,21920
2015-12-11,600071,11:22:11,1,21.94,12,26328
2015-12-11,600071,11:21:36,1,21.96,7,17546
2015-12-11,600071,11:21:21,2,21.96,2,4413
2015-12-11,600071,11:20:16,2,21.94,1,2194
2015-12-11,600071,11:19:26,1,21.94,3,6582
2015-12-11,600071,11:18:31,2,21.96,10,21960
2015-12-11,600071,11:18:16,1,21.95,4,8780
2015-12-11,600071,11:17:06,1,21.96,13,30722
2015-12-11,600071,11:16:01,2,21.97,2,4394
2015-12-11,600071,11:15:36,1,21.96,1,2196
2015-12-11,600071,11:15:06,1,21.96,2,4392
2015-12-11,600071,11:14:36,2,21.96,8,17589
2015-12-11,600071,11:14:01,2,21.96,10,21960
2015-12-11,600071,11:13:26,1,21.96,71,158090
2015-12-11,600071,11:13:11,1,21.96,20,43920
2015-12-11,600071,11:13:01,0,21.96,0,21
2015-12-11,600071,11:11:46,0,21.95,5,10975
2015-12-11,600071,11:09:20,2,21.98,2,4396
2015-12-11,600071,11:08:00,2,21.98,9,19782
2015-12-11,600071,11:07:10,2,21.98,10,21980
2015-12-11,600071,11:05:00,2,21.98,5,10990
2015-12-11,600071,11:04:10,1,21.9,30,65700
2015-12-11,600071,11:04:00,1,21.91,5,10955
2015-12-11,600071,11:03:50,2,21.95,9,19755
2015-12-11,600071,11:03:45,0,21.91,1,2191
2015-12-11,600071,11:03:20,1,21.9,55,120449
2015-12-11,600071,11:03:15,1,21.9,42,91980
2015-12-11,600071,11:03:00,1,21.9,20,43800
2015-12-11,600071,11:02:25,1,21.9,46,100740
2015-12-11,600071,11:01:40,1,21.9,10,21900
2015-12-11,600071,11:01:35,1,21.9,2,4380
2015-12-11,600071,11:01:20,2,21.93,2,4386
2015-12-11,600071,11:01:05,1,21.9,16,35040
2015-12-11,600071,11:00:50,1,21.9,100,219000
2015-12-11,600071,11:00:10,1,21.9,10,21900
2015-12-11,600071,10:59:35,1,21.9,10,21900
2015-12-11,600071,10:59:15,1,21.9,250,547500
2015-12-11,600071,10:58:50,1,21.92,5,10960
2015-12-11,600071,10:58:15,0,21.93,1,2193
2015-12-11,600071,10:54:29,1,21.92,10,21920
2015-12-11,600071,10:52:39,1,21.92,15,32880
2015-12-11,600071,10:52:24,1,21.91,8,17528
2015-12-11,600071,10:52:04,1,21.97,8,17576
2015-12-11,600071,10:51:54,1,21.98,1,2198
2015-12-11,600071,10:51:19,1,22.0,69,151800
2015-12-11,600071,10:51:09,1,22.0,30,66000
2015-12-11,600071,10:51:09,2,22.04,70,154280
2015-12-11,600071,10:50:49,2,22.04,12,26448
2015-12-11,600071,10:50:29,2,22.04,2,4408
2015-12-11,600071,10:50:14,1,22.0,50,110000
2015-12-11,600071,10:50:04,1,22.0,20,44000
2015-12-11,600071,10:48:29,1,22.0,5,11000
2015-12-11,600071,10:48:09,1,22.08,3,6623
2015-12-11,600071,10:47:44,2,22.05,9,19845
2015-12-11,600071,10:47:39,1,22.0,63,138600
2015-12-11,600071,10:47:19,2,21.98,3,6594
2015-12-11,600071,10:46:59,2,21.98,10,21980
2015-12-11,600071,10:46:49,1,21.97,2,4394
2015-12-11,600071,10:46:29,2,21.97,30,65910
2015-12-11,600071,10:45:59,1,21.94,10,21940
2015-12-11,600071,10:45:24,2,21.94,20,43880
2015-12-11,600071,10:45:09,2,21.95,50,109750
2015-12-11,600071,10:44:54,1,21.94,16,35104
2015-12-11,600071,10:44:29,1,21.94,5,10970
2015-12-11,600071,10:43:54,1,21.95,7,15365
2015-12-11,600071,10:43:29,2,21.97,1,2197
2015-12-11,600071,10:43:24,1,21.97,3,6591
2015-12-11,600071,10:43:04,1,21.99,37,81363
2015-12-11,600071,10:42:54,1,22.0,5,11000
2015-12-11,600071,10:42:33,1,22.0,5,11000
2015-12-11,600071,10:42:18,1,22.01,4,8804
2015-12-11,600071,10:41:33,2,22.03,3,6609
2015-12-11,600071,10:41:18,2,22.02,5,11010
2015-12-11,600071,10:40:58,1,22.01,15,33015
2015-12-11,600071,10:40:33,0,22.01,9,19809
2015-12-11,600071,10:40:33,1,22.0,112,246400
2015-12-11,600071,10:39:43,2,22.01,1,2201
2015-12-11,600071,10:39:38,0,22.01,10,22010
2015-12-11,600071,10:38:58,1,22.0,1,2200
2015-12-11,600071,10:38:38,1,22.0,15,33000
2015-12-11,600071,10:38:03,2,22.0,111,244200
2015-12-11,600071,10:37:53,2,21.99,21,46179
2015-12-11,600071,10:37:23,2,21.94,2,4388
2015-12-11,600071,10:36:53,2,21.9,2,6285
2015-12-11,600071,10:35:53,2,21.9,12,26280
2015-12-11,600071,10:35:23,0,21.85,23,50255
2015-12-11,600071,10:35:08,1,21.84,28,61152
2015-12-11,600071,10:34:58,2,21.9,21,45990
2015-12-11,600071,10:34:53,1,21.9,3,6854
2015-12-11,600071,10:34:38,1,21.9,632,1384080
2015-12-11,600071,10:34:23,1,21.9,18,39420
2015-12-11,600071,10:34:18,1,21.9,110,240899
2015-12-11,600071,10:34:08,1,21.91,33,72303
2015-12-11,600071,10:33:53,1,21.91,15,32865
2015-12-11,600071,10:33:33,2,21.93,10,21930
2015-12-11,600071,10:33:18,2,21.91,47,102977
2015-12-11,600071,10:33:08,2,21.91,20,43820
2015-12-11,600071,10:33:03,1,21.9,54,118259
2015-12-11,600071,10:32:48,2,21.9,212,466185
2015-12-11,600071,10:32:08,0,21.83,5,10915
2015-12-11,600071,10:30:38,1,21.8,60,130800
2015-12-11,600071,10:30:23,2,21.83,11,24012
2015-12-11,600071,10:30:08,2,21.83,9,19647
2015-12-11,600071,10:29:53,2,21.8,37,80878
2015-12-11,600071,10:29:43,2,21.8,8,17440
2015-12-11,600071,10:29:38,2,21.8,8,17440
2015-12-11,600071,10:29:18,2,21.8,10,21800
2015-12-11,600071,10:28:37,1,21.79,10,21790
2015-12-11,600071,10:28:22,2,21.79,20,43580
2015-12-11,600071,10:28:17,2,21.79,10,21790
2015-12-11,600071,10:28:07,2,21.78,30,65340
2015-12-11,600071,10:27:52,0,21.77,2,4354
2015-12-11,600071,10:26:27,0,21.78,23,50094
2015-12-11,600071,10:25:52,1,21.7,32,69440
2015-12-11,600071,10:25:02,2,21.7,17,36911
2015-12-11,600071,10:24:47,2,21.7,5,10850
2015-12-11,600071,10:24:17,1,21.7,18,41208
2015-12-11,600071,10:24:02,1,21.7,46,99820
2015-12-11,600071,10:23:17,1,21.7,150,325500
2015-12-11,600071,10:23:12,1,21.8,6,13080
2015-12-11,600071,10:23:02,2,21.84,12,26208
2015-12-11,600071,10:22:42,1,21.84,7,15288
2015-12-11,600071,10:22:27,1,21.84,4,8736
2015-12-11,600071,10:22:12,2,21.85,2,4370
2015-12-11,600071,10:22:12,1,21.85,8,17480
2015-12-11,600071,10:19:52,1,21.85,2,4370
2015-12-11,600071,10:19:52,2,21.94,72,157968
2015-12-11,600071,10:19:17,1,21.85,20,43700
2015-12-11,600071,10:19:07,2,21.85,57,124545
2015-12-11,600071,10:18:03,2,21.84,5,10920
2015-12-11,600071,10:17:43,2,21.84,9,19656
2015-12-11,600071,10:17:38,2,21.84,52,113568
2015-12-11,600071,10:17:23,0,21.84,2,4368
2015-12-11,600071,10:16:38,1,21.8,10,21800
2015-12-11,600071,10:16:28,1,21.8,2,4360
2015-12-11,600071,10:16:18,2,21.8,33,71940
2015-12-11,600071,10:16:03,0,21.72,1,2172
2015-12-11,600071,10:15:38,2,21.85,5,10925
2015-12-11,600071,10:15:18,2,21.71,6,13026
2015-12-11,600071,10:15:13,2,21.71,5,10855
2015-12-11,600071,10:15:03,2,21.71,29,62959
2015-12-11,600071,10:14:58,0,21.71,10,21710
2015-12-11,600071,10:14:48,2,21.7,56,121541
2015-12-11,600071,10:14:43,2,21.7,13,28210
2015-12-11,600071,10:14:28,1,21.7,81,177918
2015-12-11,600071,10:14:23,1,21.71,4,8684
2015-12-11,600071,10:14:18,0,21.84,10,21840
2015-12-11,600071,10:13:02,1,21.7,6,13020
2015-12-11,600071,10:12:57,2,21.86,4,8744
2015-12-11,600071,10:12:52,1,21.7,11,23870
2015-12-11,600071,10:12:37,1,21.7,109,236530
2015-12-11,600071,10:12:22,0,21.71,8,17368
2015-12-11,600071,10:12:12,2,21.86,6,13116
2015-12-11,600071,10:11:57,1,21.7,158,342860
2015-12-11,600071,10:11:52,1,21.72,1,2172
2015-12-11,600071,10:11:47,1,21.72,5,10860
2015-12-11,600071,10:11:32,1,21.72,3,6516
2015-12-11,600071,10:11:27,1,21.71,10,21710
2015-12-11,600071,10:11:17,1,21.71,12,26052
2015-12-11,600071,10:11:02,1,21.71,37,80348
2015-12-11,600071,10:10:52,0,21.72,12,26064
2015-12-11,600071,10:10:37,2,21.75,7,15225
2015-12-11,600071,10:10:32,2,21.75,69,150075
2015-12-11,600071,10:10:27,1,21.72,76,167222
2015-12-11,600071,10:10:17,1,21.75,41,89175
2015-12-11,600071,10:10:12,2,21.89,65,142285
2015-12-11,600071,10:10:02,1,21.75,33,71775
2015-12-11,600071,10:09:42,1,21.76,10,21760
2015-12-11,600071,10:09:07,0,21.8,8,17440
2015-12-11,600071,10:08:01,0,21.9,10,21900
2015-12-11,600071,10:07:31,1,21.75,200,435000
2015-12-11,600071,10:07:26,1,21.8,29,63220
2015-12-11,600071,10:07:16,1,21.8,28,61040
2015-12-11,600071,10:07:06,1,21.8,28,61040
2015-12-11,600071,10:06:51,1,21.8,26,56680
2015-12-11,600071,10:06:21,2,22.0,180,396000
2015-12-11,600071,10:05:36,2,21.89,4,8756
2015-12-11,600071,10:05:26,1,21.89,1,2189
2015-12-11,600071,10:04:51,2,21.89,1,2189
2015-12-11,600071,10:04:41,0,21.89,1,2189
2015-12-11,600071,10:04:21,2,21.9,2,4380
2015-12-11,600071,10:03:55,2,21.8,4,8720
2015-12-11,600071,10:03:45,2,21.8,277,603860
2015-12-11,600071,10:03:30,1,21.8,19,41420
2015-12-11,600071,10:03:20,1,21.9,9,19710
2015-12-11,600071,10:02:45,1,21.9,100,219000
2015-12-11,600071,10:02:30,2,21.9,90,197100
2015-12-11,600071,10:02:00,0,21.82,3,6546
2015-12-11,600071,10:01:40,1,21.81,10,21810
2015-12-11,600071,10:00:45,2,21.93,3,6579
2015-12-11,600071,10:00:15,0,21.93,20,43860
2015-12-11,600071,09:59:40,2,21.77,8,17416
2015-12-11,600071,09:59:35,2,21.77,11,23947
2015-12-11,600071,09:59:30,2,21.75,1,2175
2015-12-11,600071,09:59:25,0,21.75,1,2175
2015-12-11,600071,09:59:20,1,21.73,20,43460
2015-12-11,600071,09:59:15,2,21.77,20,43540
2015-12-11,600071,09:59:10,2,21.77,1,2177
2015-12-11,600071,09:59:05,1,21.72,0,21
2015-12-11,600071,09:58:59,0,21.77,10,21770
2015-12-11,600071,09:58:29,0,21.72,3,6516
2015-12-11,600071,09:58:09,1,21.71,85,184535
2015-12-11,600071,09:58:04,1,21.71,56,121576
2015-12-11,600071,09:57:59,1,21.9,55,120449
2015-12-11,600071,09:57:49,1,21.91,50,109550
2015-12-11,600071,09:57:24,1,21.92,5,10960
2015-12-11,600071,09:57:09,1,21.96,30,65880
2015-12-11,600071,09:56:59,1,21.92,4,8768
2015-12-11,600071,09:56:44,2,21.96,11,24156
2015-12-11,600071,09:56:39,1,21.95,1,2195
2015-12-11,600071,09:56:24,1,21.95,27,59265
2015-12-11,600071,09:56:19,1,21.96,106,232776
2015-12-11,600071,09:56:14,1,22.0,27,59400
2015-12-11,600071,09:56:09,1,21.97,8,17576
2015-12-11,600071,09:55:49,1,21.98,37,81326
2015-12-11,600071,09:55:29,1,22.0,5,11000
2015-12-11,600071,09:55:19,2,22.0,4,8800
2015-12-11,600071,09:55:04,2,22.0,2,4400
2015-12-11,600071,09:54:54,1,21.97,5,10985
2015-12-11,600071,09:54:49,2,22.0,10,22000
2015-12-11,600071,09:54:29,2,22.0,5,11000
2015-12-11,600071,09:54:03,2,22.0,9,19800
2015-12-11,600071,09:53:53,1,21.96,2,4392
2015-12-11,600071,09:53:03,0,21.96,5,10980
2015-12-11,600071,09:52:28,1,21.95,94,206330
2015-12-11,600071,09:52:23,1,21.96,95,208620
2015-12-11,600071,09:51:58,0,22.11,30,66330
2015-12-11,600071,09:51:13,0,22.12,2,4424
2015-12-11,600071,09:50:28,2,22.13,10,22130
2015-12-11,600071,09:50:13,1,22.05,2,4410
2015-12-11,600071,09:49:53,1,22.13,18,39834
2015-12-11,600071,09:49:48,1,22.13,69,152697
2015-12-11,600071,09:49:43,1,22.13,10,22130
2015-12-11,600071,09:49:33,0,22.14,8,17712
2015-12-11,600071,09:48:37,2,22.15,231,511664
2015-12-11,600071,09:47:37,1,22.01,3,6603
2015-12-11,600071,09:47:32,1,22.01,2,4402
2015-12-11,600071,09:47:27,2,22.12,5,11060
2015-12-11,600071,09:47:17,2,22.12,20,44240
2015-12-11,600071,09:46:57,2,22.12,5,11060
2015-12-11,600071,09:46:42,2,22.11,1,2211
2015-12-11,600071,09:46:17,2,22.11,2,4422
2015-12-11,600071,09:46:02,1,21.96,6,13176
2015-12-11,600071,09:45:37,1,21.95,37,81215
2015-12-11,600071,09:45:27,0,21.95,10,21950
2015-12-11,600071,09:44:57,2,21.94,10,21940
2015-12-11,600071,09:44:42,1,21.94,29,63626
2015-12-11,600071,09:44:37,2,22.13,49,108437
2015-12-11,600071,09:44:22,1,22.11,2,4422
2015-12-11,600071,09:44:17,2,22.13,4,8852
2015-12-11,600071,09:44:06,1,22.13,414,916182
2015-12-11,600071,09:44:01,1,22.15,75,166125
2015-12-11,600071,09:43:51,0,22.2,58,128760
2015-12-11,600071,09:43:46,1,22.15,48,106320
2015-12-11,600071,09:43:31,1,22.15,76,168340
2015-12-11,600071,09:43:26,1,22.2,29,64380
2015-12-11,600071,09:43:16,2,22.25,10,22250
2015-12-11,600071,09:43:11,1,22.2,48,106560
2015-12-11,600071,09:43:06,1,22.22,1,2222
2015-12-11,600071,09:42:56,0,22.24,6,13343
2015-12-11,600071,09:42:26,2,22.22,8,17776
2015-12-11,600071,09:42:16,1,22.2,2,4440
2015-12-11,600071,09:42:06,1,22.2,1,2220
2015-12-11,600071,09:42:01,2,22.2,76,168720
2015-12-11,600071,09:41:46,1,22.2,290,643800
2015-12-11,600071,09:41:36,2,22.22,12,26664
2015-12-11,600071,09:41:16,2,22.2,15,33300
2015-12-11,600071,09:41:11,1,22.19,37,82103
2015-12-11,600071,09:41:01,1,22.19,6,13314
2015-12-11,600071,09:40:36,0,22.2,20,44400
2015-12-11,600071,09:40:31,1,22.19,10,22190
2015-12-11,600071,09:40:26,2,22.2,47,104340
2015-12-11,600071,09:40:16,2,22.2,2,4440
2015-12-11,600071,09:40:01,1,22.2,80,177600
2015-12-11,600071,09:39:41,2,22.22,51,113322
2015-12-11,600071,09:39:36,2,22.22,22,48884
2015-12-11,600071,09:39:21,2,22.22,10,22220
2015-12-11,600071,09:39:05,2,22.19,50,110950
2015-12-11,600071,09:38:50,2,22.19,1,2219
2015-12-11,600071,09:38:45,2,22.19,18,39942
2015-12-11,600071,09:38:10,2,22.19,128,284032
2015-12-11,600071,09:38:05,1,22.13,6,13278
2015-12-11,600071,09:38:00,2,22.18,3,6654
2015-12-11,600071,09:37:45,1,22.12,11,24332
2015-12-11,600071,09:37:40,1,22.12,93,205716
2015-12-11,600071,09:37:35,2,22.13,5,11065
2015-12-11,600071,09:37:25,1,22.13,53,117289
2015-12-11,600071,09:37:20,0,22.18,1,2218
2015-12-11,600071,09:37:05,2,22.19,5,11095
2015-12-11,600071,09:36:50,2,22.19,2,4438
2015-12-11,600071,09:36:40,2,22.19,84,186396
2015-12-11,600071,09:36:30,2,22.19,1,2219
2015-12-11,600071,09:36:10,2,22.19,57,126483
2015-12-11,600071,09:36:05,2,22.2,22,48840
2015-12-11,600071,09:36:00,1,22.13,98,216874
2015-12-11,600071,09:35:55,2,22.2,30,66600
2015-12-11,600071,09:35:50,1,22.2,43,95460
2015-12-11,600071,09:35:40,2,22.22,1,2222
2015-12-11,600071,09:35:35,1,22.22,15,33330
2015-12-11,600071,09:35:30,2,22.36,144,321984
2015-12-11,600071,09:35:25,0,22.29,5,11145
2015-12-11,600071,09:35:15,1,22.2,8,17760
2015-12-11,600071,09:35:10,1,22.24,3,6671
2015-12-11,600071,09:35:05,2,22.36,18,40248
2015-12-11,600071,09:35:00,2,22.35,2,4470
2015-12-11,600071,09:34:55,0,22.35,3,6705
2015-12-11,600071,09:34:40,1,22.2,5,11100
2015-12-11,600071,09:34:30,2,22.2,5,11100
2015-12-11,600071,09:34:25,1,22.17,4,8868
2015-12-11,600071,09:34:14,2,22.17,11,24387
2015-12-11,600071,09:34:09,2,22.17,19,42123
2015-12-11,600071,09:33:59,2,22.13,25,55325
2015-12-11,600071,09:33:54,2,22.13,11,24343
2015-12-11,600071,09:33:49,2,22.13,125,276625
2015-12-11,600071,09:33:44,2,22.13,127,281051
2015-12-11,600071,09:33:39,2,22.13,1,2213
2015-12-11,600071,09:33:34,2,22.13,15,33195
2015-12-11,600071,09:33:24,2,22.13,20,44260
2015-12-11,600071,09:33:14,2,22.13,15,33195
2015-12-11,600071,09:33:04,2,22.11,6,13266
2015-12-11,600071,09:32:09,1,21.92,4,8768
2015-12-11,600071,09:31:59,0,21.92,1,2192
2015-12-11,600071,09:31:44,1,21.91,5,10955
2015-12-11,600071,09:31:39,2,21.9,28,61319
2015-12-11,600071,09:31:34,1,21.9,26,56939
2015-12-11,600071,09:31:19,2,21.9,8,17520
2015-12-11,600071,09:31:04,1,21.9,2,4380
2015-12-11,600071,09:30:09,2,22.12,64,141568
2015-12-11,600071,09:25:03,2,22.1,30,66300
